tpch,arquero,[],1785230174311,"[0.01, 1.0]",Arquero does not implement join reordering and query unnesting. The plans were generated by a relational database and were manually migrated to the Arquero API.,arquero_tpch_001_q1,"Benchmark `arquero_tpch_001_q1` failed to run `before` callback: Unrecognized type: ""undefined""",0,0,0.0,0.0,0.0,0.0,0.0,0.0,0.0,0.0
tpch,arquero,[],1785230174311,"[0.01, 2.0]",Arquero does not implement join reordering and query unnesting. The plans were generated by a relational database and were manually migrated to the Arquero API.,arquero_tpch_001_q2,"Benchmark `arquero_tpch_001_q2` failed to run `before` callback: Unrecognized type: ""undefined""",0,0,0.0,0.0,0.0,0.0,0.0,0.0,0.0,0.0
tpch,arquero,[],1785230174311,"[0.01, 3.0]",Arquero does not implement join reordering and query unnesting. The plans were generated by a relational database and were manually migrated to the Arquero API.,arquero_tpch_001_q3,"Benchmark `arquero_tpch_001_q3` failed to run `before` callback: Unrecognized type: ""undefined""",0,0,0.0,0.0,0.0,0.0,0.0,0.0,0.0,0.0
tpch,arquero,[],1785230174311,"[0.01, 4.0]",Arquero does not implement join reordering and query unnesting. The plans were generated by a relational database and were manually migrated to the Arquero API.,arquero_tpch_001_q4,"Benchmark `arquero_tpch_001_q4` failed to run `before` callback: Unrecognized type: ""undefined""",0,0,0.0,0.0,0.0,0.0,0.0,0.0,0.0,0.0
tpch,arquero,[],1785230174311,"[0.01, 5.0]",Arquero does not implement join reordering and query unnesting. The plans were generated by a relational database and were manually migrated to the Arquero API.,arquero_tpch_001_q5,"Benchmark `arquero_tpch_001_q5` failed to run `before` callback: Unrecognized type: ""undefined""",0,0,0.0,0.0,0.0,0.0,0.0,0.0,0.0,0.0
tpch,arquero,[],1785230174311,"[0.01, 6.0]",Arquero does not implement join reordering and query unnesting. The plans were generated by a relational database and were manually migrated to the Arquero API.,arquero_tpch_001_q6,"Benchmark `arquero_tpch_001_q6` failed to run `before` callback: Unrecognized type: ""undefined""",0,0,0.0,0.0,0.0,0.0,0.0,0.0,0.0,0.0
tpch,arquero,[],1785230174311,"[0.01, 7.0]",Arquero does not implement join reordering and query unnesting. The plans were generated by a relational database and were manually migrated to the Arquero API.,arquero_tpch_001_q7,"Benchmark `arquero_tpch_001_q7` failed to run `before` callback: Unrecognized type: ""undefined""",0,0,0.0,0.0,0.0,0.0,0.0,0.0,0.0,0.0
tpch,arquero,[],1785230174311,"[0.01, 8.0]",Arquero does not implement join reordering and query unnesting. The plans were generated by a relational database and were manually migrated to the Arquero API.,arquero_tpch_001_q8,"Benchmark `arquero_tpch_001_q8` failed to run `before` callback: Unrecognized type: ""undefined""",0,0,0.0,0.0,0.0,0.0,0.0,0.0,0.0,0.0
tpch,arquero,[],1785230174311,"[0.01, 9.0]",Arquero does not implement join reordering and query unnesting. The plans were generated by a relational database and were manually migrated to the Arquero API.,arquero_tpch_001_q9,"Benchmark `arquero_tpch_001_q9` failed to run `before` callback: Unrecognized type: ""undefined""",0,0,0.0,0.0,0.0,0.0,0.0,0.0,0.0,0.0
tpch,arquero,[],1785230174311,"[0.01, 10.0]",Arquero does not implement join reordering and query unnesting. The plans were generated by a relational database and were manually migrated to the Arquero API.,arquero_tpch_001_q10,"Benchmark `arquero_tpch_001_q10` failed to run `before` callback: Unrecognized type: ""undefined""",0,0,0.0,0.0,0.0,0.0,0.0,0.0,0.0,0.0
tpch,arquero,[],1785230174311,"[0.01, 11.0]",Arquero does not implement join reordering and query unnesting. The plans were generated by a relational database and were manually migrated to the Arquero API.,arquero_tpch_001_q11,"Benchmark `arquero_tpch_001_q11` failed to run `before` callback: Unrecognized type: ""undefined""",0,0,0.0,0.0,0.0,0.0,0.0,0.0,0.0,0.0
tpch,arquero,[],1785230174311,"[0.01, 12.0]",Arquero does not implement join reordering and query unnesting. The plans were generated by a relational database and were manually migrated to the Arquero API.,arquero_tpch_001_q12,"Benchmark `arquero_tpch_001_q12` failed to run `before` callback: Unrecognized type: ""undefined""",0,0,0.0,0.0,0.0,0.0,0.0,0.0,0.0,0.0
tpch,arquero,[],1785230174311,"[0.01, 13.0]",Arquero does not implement join reordering and query unnesting. The plans were generated by a relational database and were manually migrated to the Arquero API.,arquero_tpch_001_q13,"Benchmark `arquero_tpch_001_q13` failed to run `before` callback: Unrecognized type: ""undefined""",0,0,0.0,0.0,0.0,0.0,0.0,0.0,0.0,0.0
tpch,arquero,[],1785230174311,"[0.01, 14.0]",Arquero does not implement join reordering and query unnesting. The plans were generated by a relational database and were manually migrated to the Arquero API.,arquero_tpch_001_q14,"Benchmark `arquero_tpch_001_q14` failed to run `before` callback: Unrecognized type: ""undefined""",0,0,0.0,0.0,0.0,0.0,0.0,0.0,0.0,0.0
tpch,arquero,[],1785230174311,"[0.01, 15.0]",Arquero does not implement join reordering and query unnesting. The plans were generated by a relational database and were manually migrated to the Arquero API.,arquero_tpch_001_q15,"Benchmark `arquero_tpch_001_q15` failed to run `before` callback: Unrecognized type: ""undefined""",0,0,0.0,0.0,0.0,0.0,0.0,0.0,0.0,0.0
tpch,arquero,[],1785230174311,"[0.01, 16.0]",Arquero does not implement join reordering and query unnesting. The plans were generated by a relational database and were manually migrated to the Arquero API.,arquero_tpch_001_q16,"Benchmark `arquero_tpch_001_q16` failed to run `before` callback: Unrecognized type: ""undefined""",0,0,0.0,0.0,0.0,0.0,0.0,0.0,0.0,0.0
tpch,arquero,[],1785230174311,"[0.01, 17.0]",Arquero does not implement join reordering and query unnesting. The plans were generated by a relational database and were manually migrated to the Arquero API.,arquero_tpch_001_q17,"Benchmark `arquero_tpch_001_q17` failed to run `before` callback: Unrecognized type: ""undefined""",0,0,0.0,0.0,0.0,0.0,0.0,0.0,0.0,0.0
tpch,arquero,[],1785230174311,"[0.01, 18.0]",Arquero does not implement join reordering and query unnesting. The plans were generated by a relational database and were manually migrated to the Arquero API.,arquero_tpch_001_q18,"Benchmark `arquero_tpch_001_q18` failed to run `before` callback: Unrecognized type: ""undefined""",0,0,0.0,0.0,0.0,0.0,0.0,0.0,0.0,0.0
tpch,arquero,[],1785230174311,"[0.01, 19.0]",Arquero does not implement join reordering and query unnesting. The plans were generated by a relational database and were manually migrated to the Arquero API.,arquero_tpch_001_q19,"Benchmark `arquero_tpch_001_q19` failed to run `before` callback: Unrecognized type: ""undefined""",0,0,0.0,0.0,0.0,0.0,0.0,0.0,0.0,0.0
tpch,arquero,[],1785230174311,"[0.01, 20.0]",Arquero does not implement join reordering and query unnesting. The plans were generated by a relational database and were manually migrated to the Arquero API.,arquero_tpch_001_q20,"Benchmark `arquero_tpch_001_q20` failed to run `before` callback: Unrecognized type: ""undefined""",0,0,0.0,0.0,0.0,0.0,0.0,0.0,0.0,0.0
tpch,arquero,[],1785230174311,"[0.01, 21.0]",Arquero does not implement join reordering and query unnesting. The plans were generated by a relational database and were manually migrated to the Arquero API.,arquero_tpch_001_q21,"Benchmark `arquero_tpch_001_q21` failed to run `before` callback: Unrecognized type: ""undefined""",0,0,0.0,0.0,0.0,0.0,0.0,0.0,0.0,0.0
tpch,arquero,[],1785230174311,"[0.01, 22.0]",Arquero does not implement join reordering and query unnesting. The plans were generated by a relational database and were manually migrated to the Arquero API.,arquero_tpch_001_q22,"Benchmark `arquero_tpch_001_q22` failed to run `before` callback: Unrecognized type: ""undefined""",0,0,0.0,0.0,0.0,0.0,0.0,0.0,0.0,0.0
tpch,lovefield,[],1785230534293,"[0.1, 1.0]",Lovefield does not support arithmetic operations and nested subqueries. Aggregates and order by clauses were often simplified. Some queries with nesting were dropped.,lovefield_tpch_01_q1,Benchmark `lovefield_tpch_01_q1` failed to run `fn`: a.getTime is not a function,1,1,0.0,0.0,0.0,0.0,0.0,0.0,0.0,0.0
tpch,lovefield,[],1785230534293,"[0.1, 3.0]",Lovefield does not support arithmetic operations and nested subqueries. Aggregates and order by clauses were often simplified. Some queries with nesting were dropped.,lovefield_tpch_01_q3,Benchmark `lovefield_tpch_01_q3` failed to run `fn`: a.getTime is not a function,1,1,0.0,0.0,0.0,0.0,0.0,0.0,0.0,0.0
tpch,lovefield,[],1785230534293,"[0.1, 4.0]",Lovefield does not support arithmetic operations and nested subqueries. Aggregates and order by clauses were often simplified. Some queries with nesting were dropped.,lovefield_tpch_01_q4,Benchmark `lovefield_tpch_01_q4` failed to run `fn`: a.getTime is not a function,1,1,0.0,0.0,0.0,0.0,0.0,0.0,0.0,0.0
tpch,lovefield,[],1785230534293,"[0.1, 5.0]",Lovefield does not support arithmetic operations and nested subqueries. Aggregates and order by clauses were often simplified. Some queries with nesting were dropped.,lovefield_tpch_01_q5,Benchmark `lovefield_tpch_01_q5` failed to run `fn`: a.getTime is not a function,1,1,0.0,0.0,0.0,0.0,0.0,0.0,0.0,0.0
tpch,lovefield,[],1785230534293,"[0.1, 6.0]",Lovefield does not support arithmetic operations and nested subqueries. Aggregates and order by clauses were often simplified. Some queries with nesting were dropped.,lovefield_tpch_01_q6,,28,5,5.308028763132483,188.3938547857189,172.85628299997188,51.78110647597202,378.9421000001021,164.63294299994595,5275.027934000129,5276.0049729999155
tpch,lovefield,[],1785230534293,"[0.1, 7.0]",Lovefield does not support arithmetic operations and nested subqueries. Aggregates and order by clauses were often simplified. Some queries with nesting were dropped.,lovefield_tpch_01_q7,Benchmark `lovefield_tpch_01_q7` failed to run `fn`: a.getTime is not a function,1,1,0.0,0.0,0.0,0.0,0.0,0.0,0.0,0.0
tpch,lovefield,[],1785230534293,"[0.1, 8.0]",Lovefield does not support arithmetic operations and nested subqueries. Aggregates and order by clauses were often simplified. Some queries with nesting were dropped.,lovefield_tpch_01_q8,Benchmark `lovefield_tpch_01_q8` failed to run `fn`: a.getTime is not a function,1,1,0.0,0.0,0.0,0.0,0.0,0.0,0.0,0.0
tpch,lovefield,[],1785230534293,"[0.1, 9.0]",Lovefield does not support arithmetic operations and nested subqueries. Aggregates and order by clauses were often simplified. Some queries with nesting were dropped.,lovefield_tpch_01_q9,,2,2,0.2158319627330119,4633.234055500012,4690.734610999934,57.500555499922484,4690.734610999934,4575.733500000089,9266.468111000024,9266.504750999855
tpch,lovefield,[],1785230534293,"[0.1, 10.0]",Lovefield does not support arithmetic operations and nested subqueries. Aggregates and order by clauses were often simplified. Some queries with nesting were dropped.,lovefield_tpch_01_q10,Benchmark `lovefield_tpch_01_q10` failed to run `fn`: a.getTime is not a function,1,1,0.0,0.0,0.0,0.0,0.0,0.0,0.0,0.0
tpch,lovefield,[],1785230534293,"[0.1, 12.0]",Lovefield does not support arithmetic operations and nested subqueries. Aggregates and order by clauses were often simplified. Some queries with nesting were dropped.,lovefield_tpch_01_q12,Benchmark `lovefield_tpch_01_q12` failed to run `fn`: a.getTime is not a function,1,1,0.0,0.0,0.0,0.0,0.0,0.0,0.0,0.0
tpch,lovefield,[],1785230534293,"[0.1, 13.0]","",lovefield_tpch_01_q13,,8,4,1.244973169692907,803.2301613750169,794.4201229999308,18.04410096701803,836.7382259999868,786.9342940000352,6425.841291000135,6425.978526000166
tpch,lovefield,[],1785230534293,"[0.1, 14.0]","",lovefield_tpch_01_q14,Benchmark `lovefield_tpch_01_q14` failed to run `fn`: a.getTime is not a function,1,1,0.0,0.0,0.0,0.0,0.0,0.0,0.0,0.0
tpch,lovefield,[],1785230534293,"[0.1, 16.0]","",lovefield_tpch_01_q16,,28,5,5.3834461166824035,185.75462228574492,170.89192500011995,62.77415830694983,461.200472000055,146.97311499994248,5201.129424000857,5201.633876000764
tpch,lovefield,[],1785230534293,"[0.1, 19.0]",Lovefield does not support arithmetic operations and nested subqueries. Aggregates and order by clauses were often simplified. Some queries with nesting were dropped.,lovefield_tpch_01_q19,,6,3,0.990874831865226,1009.2092036666194,970.100226999959,125.16086866198324,1287.2836509998888,935.7080269998405,6055.255221999716,6055.344509999501
tpch,duckdb,[sync],1785230221030,"[0.1, 1.0]",,duckdb_sync_tpch_01_q1,,135,5,26.521120069417893,37.705798148137895,36.32840700005181,3.448315277907377,57.79957399982959,35.540783000178635,5090.282749998616,5092.43080699956
tpch,duckdb,[sync],1785230221030,"[0.1, 2.0]",,duckdb_sync_tpch_01_q2,,602,5,120.12785270429185,8.324464122917536,7.88941300008446,1.574833139290573,22.43183400016278,7.027737000025809,5011.327401996357,5017.591602001339
tpch,duckdb,[sync],1785230221030,"[0.1, 3.0]",,duckdb_sync_tpch_01_q3,,584,5,116.37279922452751,8.593073352739575,8.593052000040188,0.7683690070784029,16.922952000051737,7.610427000094205,5018.354837999912,5023.548673002049
tpch,duckdb,[sync],1785230221030,"[0.1, 4.0]",,duckdb_sync_tpch_01_q4,,391,5,77.7215625071087,12.866442306902107,12.726125000044703,0.6582327411662954,19.409375000046566,12.352808999828994,5030.778941998724,5033.608235000167
tpch,duckdb,[sync],1785230221030,"[0.1, 5.0]",,duckdb_sync_tpch_01_q5,,562,5,111.89969171152009,8.936575112092553,8.696044000098482,1.741474928845115,44.65346399997361,8.298420999897644,5022.355212996015,5026.02459900314
tpch,duckdb,[sync],1785230221030,"[0.1, 6.0]",,duckdb_sync_tpch_01_q6,,1174,5,234.54364956076742,4.2635987027263855,4.188277000095695,0.3549875146277749,10.733263999922201,4.014182999962941,5005.464877000777,5013.698299996555
tpch,duckdb,[sync],1785230221030,"[0.1, 7.0]",,duckdb_sync_tpch_01_q7,,396,5,78.91711498807051,12.671522522727356,12.59657400008291,0.853545772949525,21.829939999850467,11.803382999962196,5017.922919000033,5020.620441000676
tpch,duckdb,[sync],1785230221030,"[0.1, 8.0]",,duckdb_sync_tpch_01_q8,,425,5,84.4845850608994,11.836478799998432,11.66446500015445,0.9316698147488433,22.91799300001003,11.283802000107244,5030.503489999333,5033.034148001112
tpch,duckdb,[sync],1785230221030,"[0.1, 9.0]",,duckdb_sync_tpch_01_q9,,213,5,42.172906382208694,23.711906192499594,23.60868899989873,0.8378692217451408,31.833155000116676,22.48285200004466,5050.636019002413,5052.36745400005
tpch,duckdb,[sync],1785230221030,"[0.1, 10.0]",,duckdb_sync_tpch_01_q10,,161,5,31.678337677561277,31.567312975148006,31.305692000081763,1.569900482026374,46.91986200003885,29.726409000111744,5082.337388998829,5083.844101999886
tpch,duckdb,[sync],1785230221030,"[0.1, 11.0]",,duckdb_sync_tpch_01_q11,,1415,5,283.1715220313735,3.531428559010276,3.45138999982737,0.530027204990948,11.603021000046283,3.386515000136569,4996.97141099954,5004.360302000539
tpch,duckdb,[sync],1785230221030,"[0.1, 12.0]",,duckdb_sync_tpch_01_q12,,241,5,47.66157018707646,20.981264278010553,20.825174000114202,0.6984750598406376,26.276528999907896,20.262470999965444,5056.4846910005435,5058.572422999423
tpch,duckdb,[sync],1785230221030,"[0.1, 13.0]",,duckdb_sync_tpch_01_q13,,179,5,35.21631105575071,28.39593273744393,28.278274999931455,0.6195806617570634,32.74233900010586,27.569181999890134,5082.871960002463,5084.397902001394
tpch,duckdb,[sync],1785230221032,"[0.1, 14.0]",,duckdb_sync_tpch_01_q14,,893,5,178.4465264225431,5.603919673012308,5.5463630000595,0.33424851497858277,10.266149000031874,5.400284999981523,5004.300267999992,5008.766661000205
tpch,duckdb,[sync],1785230221032,"[0.1, 15.0]",,duckdb_sync_tpch_01_q15,,1043,5,208.31112870830114,4.800511649093427,4.762158999918029,0.3229727560226528,10.615322000114247,4.6265869999770075,5006.933650004445,5012.517395997187
tpch,duckdb,[sync],1785230221032,"[0.1, 16.0]",,duckdb_sync_tpch_01_q16,,590,5,117.80342985126083,8.488717189835684,8.35480000008829,0.6730965517125129,16.41599699994549,8.124354999978095,5008.343142003054,5011.848520996515
tpch,duckdb,[sync],1785230221032,"[0.1, 17.0]",,duckdb_sync_tpch_01_q17,,662,5,131.85164982078507,7.584281283997709,7.523784999968484,0.4307824713347398,16.87933300016448,7.325200000079349,5020.794210006483,5024.380109002115
tpch,duckdb,[sync],1785230221032,"[0.1, 18.0]",,duckdb_sync_tpch_01_q18,,264,5,52.098968574225374,19.194237954544157,19.06773700006306,0.7635852208521516,28.32224199990742,18.369156999979168,5067.278819999658,5069.407979000593
tpch,duckdb,[sync],1785230221032,"[0.1, 19.0]",,duckdb_sync_tpch_01_q19,,149,5,29.45749369688937,33.947219348997,33.621392000000924,1.7242603076559389,50.209069000091404,33.18225200008601,5058.135683000553,5059.454381999327
tpch,duckdb,[sync],1785230221032,"[0.1, 20.0]",,duckdb_sync_tpch_01_q20,,557,5,110.93644878723096,9.0141699227991,8.907689000014216,0.5838648718877714,16.67554900003597,8.460821999935433,5020.892646999098,5024.487343995599
tpch,duckdb,[sync],1785230221032,"[0.1, 21.0]",,duckdb_sync_tpch_01_q21,,139,5,27.199535115102062,36.765334251789014,36.65234000002965,0.9658797564459509,44.12772099999711,35.43711599987,5110.381460998673,5111.580673000077
tpch,duckdb,[sync],1785230221032,"[0.1, 22.0]",,duckdb_sync_tpch_01_q22,,944,5,188.57881835536602,5.302822494706469,5.224763999925926,0.49462649795970726,14.1221469999291,5.118076999904588,5005.864435002906,5010.834649003111
integer_sum,lovefield,[],1785229835122,"[1000.0, 10.0]",,lovefield_integer_sum_1000,,15478,6,2601.0373282063742,0.3844619948955446,0.3521760000148788,0.1116172544685039,4.386298000114039,0.32408399996347725,5950.70275699324,5995.868885008269
integer_sum,lovefield,[],1785229835122,"[10000.0, 10.0]",,lovefield_integer_sum_10000,,1104,5,220.43639866926645,4.536455894021197,4.304514000075869,0.492145353655456,10.828724000020884,3.944933999911882,5008.247306999401,5013.582535998663
integer_sum,lovefield,[],1785229835122,"[100000.0, 10.0]",,lovefield_integer_sum_100000,,54,5,10.328152923789983,96.8227336851867,93.55959699989762,9.919056141690161,132.0661169999512,86.516025000019,5228.427619000082,5229.404388999334
integer_sum,sqljs,[],1785229835122,"[1000.0, 10.0]",,sqljs_integer_sum_1000,,17376,6,2915.026484746255,0.3430500564001041,0.3328180001117289,0.08611831028928763,2.96013700007461,0.32443299994338304,5960.837780008209,5997.228168007801
integer_sum,sqljs,[],1785229835122,"[10000.0, 10.0]",,sqljs_integer_sum_10000,,1241,5,248.16865342009166,4.029517774379157,4.002818000037223,0.196867379549729,8.418353999964893,3.9646519999951124,5000.631558004534,5004.172625002684
integer_sum,sqljs,[],1785229835122,"[100000.0, 10.0]",,sqljs_integer_sum_100000,,110,5,21.659308145129437,46.16952643636826,45.96579899988137,0.5028105586400692,48.43232199992053,45.77966200001538,5078.647908000508,5079.797780999681
integer_sum,arquero,[],1785229835122,"[1000.0, 10.0]",,arquero_integer_sum_1000,,41741,6,7063.495592009477,0.1415729629860946,0.13280799984931946,0.06282463059847779,7.737693999893963,0.12688800017349422,5909.397048002575,5991.999583994271
integer_sum,arquero,[],1785229835122,"[10000.0, 10.0]",,arquero_integer_sum_10000,,508,5,101.49627644867023,9.85257819291263,9.815630000084639,0.45455549280376395,17.853806999977678,9.455965999979526,5005.109721999615,5007.395971999038
integer_sum,arquero,[],1785229835123,"[100000.0, 10.0]",,arquero_integer_sum_100000,,5,5,0.8690387289428556,1150.696702799946,1158.7762060000096,16.006039161965568,1168.2889890000224,1129.0606639999896,5753.48351399973,5753.5992149999365
integer_sum,duckdb,[sync],1785229835123,"[1000.0, 10.0]",,duckdb_sync_integer_sum_1000,,11275,6,1897.2542031695748,0.5270774988029483,0.45777500001713634,0.23098977696894787,6.986410999903455,0.41138399997726083,5942.798799003242,5998.170357006136
integer_sum,duckdb,[sync],1785229835123,"[10000.0, 10.0]",,duckdb_sync_integer_sum_10000,,5322,5,1069.8843368819512,0.9346804748206514,0.9082819998729974,0.1634468743477239,6.148843999952078,0.8548570000566542,4974.369486995507,5000.112568006385
integer_sum,duckdb,[sync],1785229835123,"[100000.0, 10.0]",,duckdb_sync_integer_sum_100000,,69,5,13.55884783459413,73.7525792898563,73.2881950000301,3.4229867400904523,91.42365999985486,71.4147060001269,5088.927971000085,5089.880846999353
tpch,sqljs,[],1785230061994,"[0.01, 1.0]",,sqljs_tpch_001_q1,,64,5,12.26378944614893,81.54086503124199,79.90977400005795,8.82233444649042,150.79468399984762,78.74656599992886,5218.6153619994875,5220.353820999851
tpch,sqljs,[],1785230061994,"[0.01, 2.0]",,sqljs_tpch_001_q2,,2248,5,450.2710586803095,2.2208844666385623,2.1961759999394417,0.12016695115830582,4.5690830000676215,2.150586999952793,4992.548281003488,5006.107966997195
tpch,sqljs,[],1785230061994,"[0.01, 3.0]",,sqljs_tpch_001_q3,,264,5,52.3837109653857,19.089903742420685,19.005992999998853,0.5546699403529407,26.992032000096515,18.688425000058487,5039.734587999061,5042.57608599891
tpch,sqljs,[],1785230061994,"[0.01, 4.0]",,sqljs_tpch_001_q4,,1137,5,227.24110066061778,4.400612376426963,4.370947000104934,0.1927760443599686,8.354194999905303,4.316915999865159,5003.496271997457,5008.842873000307
tpch,sqljs,[],1785230061994,"[0.01, 5.0]",,sqljs_tpch_001_q5,,272,5,54.04286844758784,18.503829066175967,18.428220000118017,0.5341340955853191,24.235329000046477,18.150508999824524,5033.041505999863,5034.842612000182
tpch,sqljs,[],1785230061994,"[0.01, 6.0]",,sqljs_tpch_001_q6,,380,5,75.41870038140581,13.259310952626095,13.206783999921754,0.13903174346026984,14.084058000007644,13.115208999952301,5038.538161997916,5040.284728000173
tpch,sqljs,[],1785230061994,"[0.01, 7.0]",,sqljs_tpch_001_q7,,220,5,43.80972991819302,22.825979568176393,22.7637869999744,0.37743359383978453,27.008717000018805,22.40544499992393,5021.715504998807,5023.3313500001095
tpch,sqljs,[],1785230061994,"[0.01, 8.0]",,sqljs_tpch_001_q8,,185,5,36.35721573292789,27.504856459465433,27.51012899982743,0.2280806869688015,28.423858999973163,27.073802000144497,5088.398445001105,5089.951734000584
tpch,sqljs,[],1785230061994,"[0.01, 9.0]",,sqljs_tpch_001_q9,,129,5,24.910879234312034,40.143103364356904,39.923014000058174,1.2342406657305225,50.42305499990471,39.36291300016455,5178.46033400204,5179.898065002402
tpch,sqljs,[],1785230061994,"[0.01, 10.0]",,sqljs_tpch_001_q10,,385,5,76.35934215655992,13.095974529870823,13.054713999852538,0.16753686099782888,14.491969000082463,12.846720000030473,5041.9501940002665,5044.627591996454
tpch,sqljs,[],1785230061994,"[0.01, 11.0]",,sqljs_tpch_001_q11,,894,5,178.21803368027747,5.61110443959895,5.610371000133455,0.07006318734864762,6.997620000038296,5.511822999920696,5016.327369001461,5020.00635699858
tpch,sqljs,[],1785230061994,"[0.01, 12.0]",,sqljs_tpch_001_q12,,414,5,82.14809219304338,12.173137236712163,12.12922800006345,0.14363843469645282,12.965125999879092,12.025968999834731,5039.6788159988355,5042.691174999811
tpch,sqljs,[],1785230061994,"[0.01, 13.0]",,sqljs_tpch_001_q13,,140,5,27.325486082729327,36.595872328581756,36.52224199986085,0.30245305383311366,38.34328199992888,36.215139999985695,5123.422126001446,5124.758941001259
tpch,sqljs,[],1785230061994,"[0.01, 14.0]",,sqljs_tpch_001_q14,,419,5,83.36635416923599,11.995246883052754,11.964274999918416,0.30973170823431023,17.723785999929532,11.757563999854028,5026.008443999104,5028.104348999215
tpch,sqljs,[],1785230061994,"[0.01, 15.0]",,sqljs_tpch_001_q15,,210,5,41.1744669983018,24.286896052382264,24.229192999890074,0.196965152363813,25.34017900004983,24.055543000111356,5100.248171000276,5101.711128001567
tpch,sqljs,[],1785230061994,"[0.01, 16.0]",,sqljs_tpch_001_q16,,1281,5,255.86108717158604,3.908370792348655,3.892524000024423,0.07274422909271469,5.081093000015244,3.868134999880567,5006.622984998627,5010.985738005489
tpch,sqljs,[],1785230061994,"[0.01, 17.0]",,sqljs_tpch_001_q17,,242,5,47.94935165307107,20.855339342965898,20.855384999886155,0.16870544598329165,21.380522000137717,20.504235999891534,5046.992120997747,5048.570722003235
tpch,sqljs,[],1785230061994,"[0.01, 18.0]",,sqljs_tpch_001_q18,,364,5,72.4231594302198,13.80773785440149,13.762296000029892,0.15536777788838665,15.023150999797508,13.615614000009373,5026.016579002142,5027.911028998438
tpch,sqljs,[],1785230061994,"[0.01, 19.0]",,sqljs_tpch_001_q19,,375,5,74.70239456459336,13.386451743997634,13.35923199984245,0.18407742639324298,13.964231999823824,13.095002999994904,5019.919403999113,5022.236672003055
tpch,sqljs,[],1785230061994,"[0.01, 20.0]",,sqljs_tpch_001_q20,,16,4,3.124262508681889,320.07553693748196,319.53456799988635,3.4710697161752635,327.96146799996495,316.7437869999558,5121.208590999711,5121.404750999529
tpch,sqljs,[],1785230061994,"[0.01, 21.0]",,sqljs_tpch_001_q21,,65,5,12.876223617873972,77.66252199999558,77.57708399998955,0.260496699224707,78.76356799993664,77.31986200017855,5048.063929999713,5048.817321998533
tpch,sqljs,[],1785230061994,"[0.01, 22.0]",,sqljs_tpch_001_q22,,65,5,12.142423865814346,82.35587976922712,82.13793199998327,0.5521355971683546,84.2712369998917,81.91424099984579,5353.132184999762,5353.795352998655
regex,lovefield,[],1785229766679,"[1000.0, 20.0]",,lovefield_regex_1000,,28863,6,4859.301941047634,0.20579087534214976,0.18889499991200864,0.06035993487717614,3.405430000042543,0.17307099991012365,5939.742035000469,5994.088848997839
regex,lovefield,[],1785229766679,"[10000.0, 20.0]",,lovefield_regex_10000,,2271,5,454.6346378059618,2.199568437693039,2.1274120000889525,0.3166739317399031,11.254710999899544,1.9222149999113753,4995.2199220008915,5004.636388996965
regex,lovefield,[],1785229766679,"[100000.0, 20.0]",,lovefield_regex_100000,,138,5,26.859230125617394,37.2311490434804,36.3702190000331,6.999867446085337,84.00517200003378,28.871255000005476,5137.898568000295,5140.221607000334
regex,sqljs,[],1785229766680,"[1000.0, 20.0]",,sqljs_regex_1000,,47887,6,8112.635910832517,0.12326449886216824,0.11871299997437745,0.03687896481434383,4.197916000033729,0.11666399997193366,5902.76705701265,5991.5595710094785
regex,sqljs,[],1785229766680,"[10000.0, 20.0]",,sqljs_regex_10000,,5123,5,1026.766067338318,0.9739316790944373,0.9669680000515655,0.061210016740598706,2.74559400009457,0.951005999930203,4989.451992000802,5001.528046003194
regex,sqljs,[],1785229766680,"[100000.0, 20.0]",,sqljs_regex_100000,,505,5,100.69608094126382,9.93087308515315,9.909051000024192,0.08561411500337227,10.6476740000071,9.850884999963455,5015.090908002341,5017.156390000251
regex,arquero,[],1785229766680,"[1000.0, 20.0]",,arquero_regex_1000,,90590,6,15553.167448132805,0.06429558502053241,0.05930399999488145,0.04078904376217455,6.973165999981575,0.05651299993041903,5824.5370470100315,5983.752528000623
regex,arquero,[],1785229766680,"[10000.0, 20.0]",,arquero_regex_10000,,11892,6,1994.4295261305515,0.5013965080732273,0.4832810000516474,0.12730279241877132,10.72345900000073,0.4656340000219643,5962.607274006819,5999.073943011346
regex,arquero,[],1785229766680,"[100000.0, 20.0]",,arquero_regex_100000,,1066,5,212.8853010690255,4.697365177296867,4.526494999998249,1.1066110521680312,39.00400399998762,4.382669000071473,5007.391278998461,5012.346178002073
regex,duckdb,[sync],1785229766680,"[1000.0, 20.0]",,duckdb_sync_regex_1000,,13134,6,2218.620930059823,0.45073044540918306,0.38582899991888553,0.37153982444185296,24.08849300001748,0.3503649999620393,5919.89367000421,5993.11978299648
regex,duckdb,[sync],1785229766680,"[10000.0, 20.0]",,duckdb_sync_regex_10000,,10027,6,1684.9651104943366,0.5934840987340202,0.5769629999995232,0.16644330982294225,3.5651519999373704,0.5244609999936074,5950.86505800602,5998.992727002129
regex,duckdb,[sync],1785229766680,"[100000.0, 20.0]",,duckdb_sync_regex_100000,,2438,5,488.3434109372273,2.0477393113194724,2.0174780000234023,0.22891287785695183,5.994093999965116,1.956311000045389,4992.388440996874,5004.695990000502
tpch,lovefield,[],1785230176486,"[0.01, 1.0]",Lovefield does not support arithmetic operations and nested subqueries. Aggregates and order by clauses were often simplified. Some queries with nesting were dropped.,lovefield_tpch_001_q1,Benchmark `lovefield_tpch_001_q1` failed to run `fn`: a.getTime is not a function,1,1,0.0,0.0,0.0,0.0,0.0,0.0,0.0,0.0
tpch,lovefield,[],1785230176486,"[0.01, 3.0]",Lovefield does not support arithmetic operations and nested subqueries. Aggregates and order by clauses were often simplified. Some queries with nesting were dropped.,lovefield_tpch_001_q3,Benchmark `lovefield_tpch_001_q3` failed to run `fn`: a.getTime is not a function,1,1,0.0,0.0,0.0,0.0,0.0,0.0,0.0,0.0
tpch,lovefield,[],1785230176486,"[0.01, 4.0]",Lovefield does not support arithmetic operations and nested subqueries. Aggregates and order by clauses were often simplified. Some queries with nesting were dropped.,lovefield_tpch_001_q4,Benchmark `lovefield_tpch_001_q4` failed to run `fn`: a.getTime is not a function,1,1,0.0,0.0,0.0,0.0,0.0,0.0,0.0,0.0
tpch,lovefield,[],1785230176486,"[0.01, 5.0]",Lovefield does not support arithmetic operations and nested subqueries. Aggregates and order by clauses were often simplified. Some queries with nesting were dropped.,lovefield_tpch_001_q5,Benchmark `lovefield_tpch_001_q5` failed to run `fn`: a.getTime is not a function,1,1,0.0,0.0,0.0,0.0,0.0,0.0,0.0,0.0
tpch,lovefield,[],1785230176486,"[0.01, 6.0]",Lovefield does not support arithmetic operations and nested subqueries. Aggregates and order by clauses were often simplified. Some queries with nesting were dropped.,lovefield_tpch_001_q6,,395,5,78.56056584998224,12.729032551898634,13.116651999996975,3.6868222611920527,68.2263830001466,9.792601000051945,5027.96785799996,5032.285501003964
tpch,lovefield,[],1785230176486,"[0.01, 7.0]",Lovefield does not support arithmetic operations and nested subqueries. Aggregates and order by clauses were often simplified. Some queries with nesting were dropped.,lovefield_tpch_001_q7,Benchmark `lovefield_tpch_001_q7` failed to run `fn`: a.getTime is not a function,1,1,0.0,0.0,0.0,0.0,0.0,0.0,0.0,0.0
tpch,lovefield,[],1785230176486,"[0.01, 8.0]",Lovefield does not support arithmetic operations and nested subqueries. Aggregates and order by clauses were often simplified. Some queries with nesting were dropped.,lovefield_tpch_001_q8,Benchmark `lovefield_tpch_001_q8` failed to run `fn`: a.getTime is not a function,1,1,0.0,0.0,0.0,0.0,0.0,0.0,0.0,0.0
tpch,lovefield,[],1785230176486,"[0.01, 9.0]",Lovefield does not support arithmetic operations and nested subqueries. Aggregates and order by clauses were often simplified. Some queries with nesting were dropped.,lovefield_tpch_001_q9,,18,5,3.0387248172548618,329.08540922220953,318.1521819999907,26.73884412169303,375.6378389999736,299.34270299994387,5923.537365999771,5923.847230000421
tpch,lovefield,[],1785230176486,"[0.01, 10.0]",Lovefield does not support arithmetic operations and nested subqueries. Aggregates and order by clauses were often simplified. Some queries with nesting were dropped.,lovefield_tpch_001_q10,Benchmark `lovefield_tpch_001_q10` failed to run `fn`: a.getTime is not a function,1,1,0.0,0.0,0.0,0.0,0.0,0.0,0.0,0.0
tpch,lovefield,[],1785230176486,"[0.01, 12.0]",Lovefield does not support arithmetic operations and nested subqueries. Aggregates and order by clauses were often simplified. Some queries with nesting were dropped.,lovefield_tpch_001_q12,Benchmark `lovefield_tpch_001_q12` failed to run `fn`: a.getTime is not a function,1,1,0.0,0.0,0.0,0.0,0.0,0.0,0.0,0.0
tpch,lovefield,[],1785230176486,"[0.01, 13.0]","",lovefield_tpch_001_q13,,78,5,15.028965171395294,66.53818067948585,66.13422699994408,2.5406330604064475,81.96781000006013,62.7920630001463,5189.978092999896,5191.164321999764
tpch,lovefield,[],1785230176486,"[0.01, 14.0]","",lovefield_tpch_001_q14,Benchmark `lovefield_tpch_001_q14` failed to run `fn`: a.getTime is not a function,1,1,0.0,0.0,0.0,0.0,0.0,0.0,0.0,0.0
tpch,lovefield,[],1785230176486,"[0.01, 16.0]","",lovefield_tpch_001_q16,,537,5,107.08422408620719,9.33844372066383,9.278516999911517,1.1378249099679638,26.58872599992901,8.197146999882534,5014.744277996477,5018.785038999049
tpch,lovefield,[],1785230176486,"[0.01, 19.0]",Lovefield does not support arithmetic operations and nested subqueries. Aggregates and order by clauses were often simplified. Some queries with nesting were dropped.,lovefield_tpch_001_q19,,65,5,12.801874536026542,78.11356041537813,73.4815079998225,16.551016691176223,139.23896600003354,69.09465599991381,5077.381426999578,5078.121674000984
tpch,arquero,[],1785231173378,"[0.5, 1.0]",Arquero does not implement join reordering and query unnesting. The plans were generated by a relational database and were manually migrated to the Arquero API.,arquero_tpch_05_q1,"Benchmark `arquero_tpch_05_q1` failed to run `before` callback: Unrecognized type: ""undefined""",0,0,0.0,0.0,0.0,0.0,0.0,0.0,0.0,0.0
tpch,arquero,[],1785231173378,"[0.5, 2.0]",Arquero does not implement join reordering and query unnesting. The plans were generated by a relational database and were manually migrated to the Arquero API.,arquero_tpch_05_q2,"Benchmark `arquero_tpch_05_q2` failed to run `before` callback: Unrecognized type: ""undefined""",0,0,0.0,0.0,0.0,0.0,0.0,0.0,0.0,0.0
tpch,arquero,[],1785231173378,"[0.5, 3.0]",Arquero does not implement join reordering and query unnesting. The plans were generated by a relational database and were manually migrated to the Arquero API.,arquero_tpch_05_q3,"Benchmark `arquero_tpch_05_q3` failed to run `before` callback: Unrecognized type: ""undefined""",0,0,0.0,0.0,0.0,0.0,0.0,0.0,0.0,0.0
tpch,arquero,[],1785231173378,"[0.5, 4.0]",Arquero does not implement join reordering and query unnesting. The plans were generated by a relational database and were manually migrated to the Arquero API.,arquero_tpch_05_q4,"Benchmark `arquero_tpch_05_q4` failed to run `before` callback: Unrecognized type: ""undefined""",0,0,0.0,0.0,0.0,0.0,0.0,0.0,0.0,0.0
tpch,arquero,[],1785231173378,"[0.5, 5.0]",Arquero does not implement join reordering and query unnesting. The plans were generated by a relational database and were manually migrated to the Arquero API.,arquero_tpch_05_q5,"Benchmark `arquero_tpch_05_q5` failed to run `before` callback: Unrecognized type: ""undefined""",0,0,0.0,0.0,0.0,0.0,0.0,0.0,0.0,0.0
tpch,arquero,[],1785231173378,"[0.5, 6.0]",Arquero does not implement join reordering and query unnesting. The plans were generated by a relational database and were manually migrated to the Arquero API.,arquero_tpch_05_q6,"Benchmark `arquero_tpch_05_q6` failed to run `before` callback: Unrecognized type: ""undefined""",0,0,0.0,0.0,0.0,0.0,0.0,0.0,0.0,0.0
tpch,arquero,[],1785231173378,"[0.5, 7.0]",Arquero does not implement join reordering and query unnesting. The plans were generated by a relational database and were manually migrated to the Arquero API.,arquero_tpch_05_q7,"Benchmark `arquero_tpch_05_q7` failed to run `before` callback: Unrecognized type: ""undefined""",0,0,0.0,0.0,0.0,0.0,0.0,0.0,0.0,0.0
tpch,arquero,[],1785231173378,"[0.5, 8.0]",Arquero does not implement join reordering and query unnesting. The plans were generated by a relational database and were manually migrated to the Arquero API.,arquero_tpch_05_q8,"Benchmark `arquero_tpch_05_q8` failed to run `before` callback: Unrecognized type: ""undefined""",0,0,0.0,0.0,0.0,0.0,0.0,0.0,0.0,0.0
tpch,arquero,[],1785231173378,"[0.5, 10.0]",Arquero does not implement join reordering and query unnesting. The plans were generated by a relational database and were manually migrated to the Arquero API.,arquero_tpch_05_q10,"Benchmark `arquero_tpch_05_q10` failed to run `before` callback: Unrecognized type: ""undefined""",0,0,0.0,0.0,0.0,0.0,0.0,0.0,0.0,0.0
tpch,arquero,[],1785231173378,"[0.5, 11.0]",Arquero does not implement join reordering and query unnesting. The plans were generated by a relational database and were manually migrated to the Arquero API.,arquero_tpch_05_q11,"Benchmark `arquero_tpch_05_q11` failed to run `before` callback: Unrecognized type: ""undefined""",0,0,0.0,0.0,0.0,0.0,0.0,0.0,0.0,0.0
tpch,arquero,[],1785231173378,"[0.5, 12.0]",Arquero does not implement join reordering and query unnesting. The plans were generated by a relational database and were manually migrated to the Arquero API.,arquero_tpch_05_q12,"Benchmark `arquero_tpch_05_q12` failed to run `before` callback: Unrecognized type: ""undefined""",0,0,0.0,0.0,0.0,0.0,0.0,0.0,0.0,0.0
tpch,arquero,[],1785231173378,"[0.5, 13.0]",Arquero does not implement join reordering and query unnesting. The plans were generated by a relational database and were manually migrated to the Arquero API.,arquero_tpch_05_q13,"Benchmark `arquero_tpch_05_q13` failed to run `before` callback: Unrecognized type: ""undefined""",0,0,0.0,0.0,0.0,0.0,0.0,0.0,0.0,0.0
tpch,arquero,[],1785231173378,"[0.5, 14.0]",Arquero does not implement join reordering and query unnesting. The plans were generated by a relational database and were manually migrated to the Arquero API.,arquero_tpch_05_q14,"Benchmark `arquero_tpch_05_q14` failed to run `before` callback: Unrecognized type: ""undefined""",0,0,0.0,0.0,0.0,0.0,0.0,0.0,0.0,0.0
tpch,arquero,[],1785231173378,"[0.5, 15.0]",Arquero does not implement join reordering and query unnesting. The plans were generated by a relational database and were manually migrated to the Arquero API.,arquero_tpch_05_q15,"Benchmark `arquero_tpch_05_q15` failed to run `before` callback: Unrecognized type: ""undefined""",0,0,0.0,0.0,0.0,0.0,0.0,0.0,0.0,0.0
tpch,arquero,[],1785231173378,"[0.5, 16.0]",Arquero does not implement join reordering and query unnesting. The plans were generated by a relational database and were manually migrated to the Arquero API.,arquero_tpch_05_q16,"Benchmark `arquero_tpch_05_q16` failed to run `before` callback: Unrecognized type: ""undefined""",0,0,0.0,0.0,0.0,0.0,0.0,0.0,0.0,0.0
tpch,arquero,[],1785231173378,"[0.5, 17.0]",Arquero does not implement join reordering and query unnesting. The plans were generated by a relational database and were manually migrated to the Arquero API.,arquero_tpch_05_q17,"Benchmark `arquero_tpch_05_q17` failed to run `before` callback: Unrecognized type: ""undefined""",0,0,0.0,0.0,0.0,0.0,0.0,0.0,0.0,0.0
tpch,arquero,[],1785231173378,"[0.5, 18.0]",Arquero does not implement join reordering and query unnesting. The plans were generated by a relational database and were manually migrated to the Arquero API.,arquero_tpch_05_q18,"Benchmark `arquero_tpch_05_q18` failed to run `before` callback: Unrecognized type: ""undefined""",0,0,0.0,0.0,0.0,0.0,0.0,0.0,0.0,0.0
tpch,arquero,[],1785231173378,"[0.5, 19.0]",Arquero does not implement join reordering and query unnesting. The plans were generated by a relational database and were manually migrated to the Arquero API.,arquero_tpch_05_q19,"Benchmark `arquero_tpch_05_q19` failed to run `before` callback: Unrecognized type: ""undefined""",0,0,0.0,0.0,0.0,0.0,0.0,0.0,0.0,0.0
tpch,arquero,[],1785231173378,"[0.5, 20.0]",Arquero does not implement join reordering and query unnesting. The plans were generated by a relational database and were manually migrated to the Arquero API.,arquero_tpch_05_q20,"Benchmark `arquero_tpch_05_q20` failed to run `before` callback: Unrecognized type: ""undefined""",0,0,0.0,0.0,0.0,0.0,0.0,0.0,0.0,0.0
tpch,arquero,[],1785231173378,"[0.5, 22.0]",Arquero does not implement join reordering and query unnesting. The plans were generated by a relational database and were manually migrated to the Arquero API.,arquero_tpch_05_q22,"Benchmark `arquero_tpch_05_q22` failed to run `before` callback: Unrecognized type: ""undefined""",0,0,0.0,0.0,0.0,0.0,0.0,0.0,0.0,0.0
tpch,sqljs,[],1785230332686,"[0.1, 1.0]",,sqljs_tpch_01_q1,,7,4,1.1266072599233667,887.62076685714,842.7201890000142,112.38022420291638,1162.7920170000289,838.4679290000349,6213.34536799998,6214.330417000223
tpch,sqljs,[],1785230332686,"[0.1, 2.0]",,sqljs_tpch_01_q2,,194,5,38.19491561213462,26.181495206191723,26.091260999906808,0.4025863766256222,28.993464999832213,25.612763999961317,5079.210070001194,5082.961921997601
tpch,sqljs,[],1785230332686,"[0.1, 3.0]",,sqljs_tpch_01_q3,,30,5,5.039677617910859,198.42539063332757,198.28335500019602,1.6555751173220583,202.65843999991193,196.47628500009887,5952.761718999827,5953.388675999595
tpch,sqljs,[],1785230332686,"[0.1, 4.0]",,sqljs_tpch_01_q4,,110,5,21.848113605259837,45.770541936364445,45.645079999929294,0.48349317922300167,48.71836500009522,45.32113300007768,5034.759613000089,5036.742036999902
tpch,sqljs,[],1785230332686,"[0.1, 5.0]",,sqljs_tpch_01_q5,,25,5,4.853649699377485,206.0305258799903,205.56633699988015,1.5358110817717385,210.12323100003414,204.37536199996248,5150.763146999758,5151.270225999644
tpch,sqljs,[],1785230332686,"[0.1, 6.0]",,sqljs_tpch_01_q6,,40,5,7.406671924884456,135.01340550001478,133.6458190002013,4.156361642390245,159.43937300005928,133.1302230001893,5400.536220000591,5401.286782000447
tpch,sqljs,[],1785230332686,"[0.1, 7.0]",,sqljs_tpch_01_q7,,20,5,3.658626083390942,273.32664700000316,273.5030229999684,1.1666460991381933,276.39509100001305,270.8790990000125,5466.532940000063,5466.9421460002195
tpch,sqljs,[],1785230332687,"[0.1, 8.0]",,sqljs_tpch_01_q8,,15,5,2.4468022206903552,408.6967028000547,407.9645820001606,1.6429869310928495,412.3811220000498,406.95421899994835,6130.450542000821,6130.779036000138
tpch,sqljs,[],1785230332687,"[0.1, 9.0]",,sqljs_tpch_01_q9,,8,4,1.3832009650440376,722.9607448749593,723.529542000033,1.985928290222682,726.4482139998581,720.21293899999,5783.685958999675,5783.863594000461
tpch,sqljs,[],1785230332687,"[0.1, 10.0]",,sqljs_tpch_01_q10,,35,5,6.893017632570983,145.07434237144355,143.67527200002223,2.6364289766171516,149.7857719999738,142.35542199993506,5077.601983000524,5078.460267999675
tpch,sqljs,[],1785230332687,"[0.1, 11.0]",,sqljs_tpch_01_q11,,75,5,14.748294140967408,67.8044518533318,67.71307299984619,0.5506289212169528,71.7850220000837,67.2103969999589,5085.333888999885,5086.588896999834
tpch,sqljs,[],1785230332687,"[0.1, 12.0]",,sqljs_tpch_01_q12,,45,5,8.03673885941475,124.42857948887266,124.36334199993871,0.4877036274737148,125.80486900010146,123.88537400006317,5599.286076999269,5599.999997000443
tpch,sqljs,[],1785230332687,"[0.1, 13.0]",,sqljs_tpch_01_q13,,10,5,1.7259254187249602,579.3993119000224,577.6937550001312,5.349697036609108,594.1458219999913,573.3596759999637,5793.993119000224,5797.190539000323
tpch,sqljs,[],1785230332687,"[0.1, 14.0]",,sqljs_tpch_01_q14,,40,5,7.867996843510343,127.09715317499358,127.39312300016172,1.428401258660311,129.46584099996835,125.27417499991134,5083.886126999743,5084.548853000393
tpch,sqljs,[],1785230332687,"[0.1, 15.0]",,sqljs_tpch_01_q15,,24,5,4.011587797629257,249.27785466666683,248.76914300001226,1.1775035611503153,251.77187899989076,248.1289129999932,5982.668512000004,5983.09796999977
tpch,sqljs,[],1785230332687,"[0.1, 16.0]",,sqljs_tpch_01_q16,,110,5,21.76585418060634,45.94352198183029,45.8876829999499,0.3580067615954669,48.33760299999267,45.43977599986829,5053.787418001331,5055.323601000477
tpch,sqljs,[],1785230332687,"[0.1, 17.0]",,sqljs_tpch_01_q17,,1,1,0.03216444133830906,31090.23376099998,31090.23376099998,0.0,31090.23376099998,31090.23376099998,31090.23376099998,31090.254899999825
tpch,sqljs,[],1785230332687,"[0.1, 18.0]",,sqljs_tpch_01_q18,,40,5,7.044814322295643,141.94838277499656,141.90437900018878,0.4488264329479294,142.8343430000823,141.29241700004786,5677.935310999863,5678.574875999708
tpch,sqljs,[],1785230332687,"[0.1, 19.0]",,sqljs_tpch_01_q19,,40,5,7.0269237327682665,142.30978419998428,142.28206499991938,0.47559437952094524,143.27331499988213,141.6268450000789,5692.391367999371,5693.085273000179
tpch,sqljs,[],1785230332687,"[0.1, 20.0]",,sqljs_tpch_01_q20,,1,1,0.024827328278625344,40278.196219000034,40278.196219000034,0.0,40278.196219000034,40278.196219000034,40278.196219000034,40278.22965199989
tpch,sqljs,[],1785230332687,"[0.1, 21.0]",,sqljs_tpch_01_q21,,8,4,1.203939793468484,830.6063188750122,830.0245890000369,3.0039891954075864,837.3930389999878,827.525273000123,6644.850551000098,6645.010036999825
tpch,sqljs,[],1785230332687,"[0.1, 22.0]",,sqljs_tpch_01_q22,,1,1,0.11372497317291709,8793.143423999893,8793.143423999893,0.0,8793.143423999893,8793.143423999893,8793.143423999893,8793.165070000105
tpch,lovefield,[],1785231247918,"[0.5, 1.0]",Lovefield does not support arithmetic operations and nested subqueries. Aggregates and order by clauses were often simplified. Some queries with nesting were dropped.,lovefield_tpch_05_q1,Benchmark `lovefield_tpch_05_q1` failed to run `fn`: a.getTime is not a function,1,1,0.0,0.0,0.0,0.0,0.0,0.0,0.0,0.0
tpch,lovefield,[],1785231247918,"[0.5, 3.0]",Lovefield does not support arithmetic operations and nested subqueries. Aggregates and order by clauses were often simplified. Some queries with nesting were dropped.,lovefield_tpch_05_q3,Benchmark `lovefield_tpch_05_q3` failed to run `fn`: a.getTime is not a function,1,1,0.0,0.0,0.0,0.0,0.0,0.0,0.0,0.0
tpch,lovefield,[],1785231247918,"[0.5, 4.0]",Lovefield does not support arithmetic operations and nested subqueries. Aggregates and order by clauses were often simplified. Some queries with nesting were dropped.,lovefield_tpch_05_q4,Benchmark `lovefield_tpch_05_q4` failed to run `fn`: a.getTime is not a function,1,1,0.0,0.0,0.0,0.0,0.0,0.0,0.0,0.0
tpch,lovefield,[],1785231247918,"[0.5, 5.0]",Lovefield does not support arithmetic operations and nested subqueries. Aggregates and order by clauses were often simplified. Some queries with nesting were dropped.,lovefield_tpch_05_q5,Benchmark `lovefield_tpch_05_q5` failed to run `fn`: a.getTime is not a function,1,1,0.0,0.0,0.0,0.0,0.0,0.0,0.0,0.0
tpch,lovefield,[],1785231247918,"[0.5, 6.0]",Lovefield does not support arithmetic operations and nested subqueries. Aggregates and order by clauses were often simplified. Some queries with nesting were dropped.,lovefield_tpch_05_q6,,4,3,0.6981708160252421,1432.3142375000753,1003.2353330003098,765.0982729702025,2757.4294130001217,980.976832000073,5729.256950000301,5729.402464999817
tpch,lovefield,[],1785231247918,"[0.5, 7.0]",Lovefield does not support arithmetic operations and nested subqueries. Aggregates and order by clauses were often simplified. Some queries with nesting were dropped.,lovefield_tpch_05_q7,Benchmark `lovefield_tpch_05_q7` failed to run `fn`: a.getTime is not a function,1,1,0.0,0.0,0.0,0.0,0.0,0.0,0.0,0.0
tpch,lovefield,[],1785231247918,"[0.5, 8.0]",Lovefield does not support arithmetic operations and nested subqueries. Aggregates and order by clauses were often simplified. Some queries with nesting were dropped.,lovefield_tpch_05_q8,Benchmark `lovefield_tpch_05_q8` failed to run `fn`: a.getTime is not a function,1,1,0.0,0.0,0.0,0.0,0.0,0.0,0.0,0.0
tpch,lovefield,[],1785231247918,"[0.5, 10.0]",Lovefield does not support arithmetic operations and nested subqueries. Aggregates and order by clauses were often simplified. Some queries with nesting were dropped.,lovefield_tpch_05_q10,Benchmark `lovefield_tpch_05_q10` failed to run `fn`: a.getTime is not a function,1,1,0.0,0.0,0.0,0.0,0.0,0.0,0.0,0.0
tpch,lovefield,[],1785231247919,"[0.5, 12.0]",Lovefield does not support arithmetic operations and nested subqueries. Aggregates and order by clauses were often simplified. Some queries with nesting were dropped.,lovefield_tpch_05_q12,Benchmark `lovefield_tpch_05_q12` failed to run `fn`: a.getTime is not a function,1,1,0.0,0.0,0.0,0.0,0.0,0.0,0.0,0.0
tpch,lovefield,[],1785231247919,"[0.5, 13.0]","",lovefield_tpch_05_q13,,2,2,0.2056984850427467,4861.484516000142,4943.729759000242,82.24524300009944,4943.729759000242,4779.239273000043,9722.969032000285,9723.03972900007
tpch,lovefield,[],1785231247919,"[0.5, 14.0]","",lovefield_tpch_05_q14,Benchmark `lovefield_tpch_05_q14` failed to run `fn`: a.getTime is not a function,1,1,0.0,0.0,0.0,0.0,0.0,0.0,0.0,0.0
tpch,lovefield,[],1785231247919,"[0.5, 16.0]","",lovefield_tpch_05_q16,,5,5,0.9158496983599584,1091.8822180001066,1060.062344999984,51.676740677290056,1191.3820350002497,1054.415037999861,5459.411090000533,5459.553958999924
tpch,lovefield,[],1785231247919,"[0.5, 19.0]",Lovefield does not support arithmetic operations and nested subqueries. Aggregates and order by clauses were often simplified. Some queries with nesting were dropped.,lovefield_tpch_05_q19,,1,1,0.16485388561524847,6065.977736999746,6065.977736999746,0.0,6065.977736999746,6065.977736999746,6065.977736999746,6065.99542299984
integer_sort,lovefield,[],1785229381041,"[1000.0, 1.0, 1.0]",,lovefield_integer_sort_1000_1_1,,13713,6,2304.4398016638843,0.4339449437030058,0.3912089999066666,0.12703802506634773,6.688384000095539,0.32968099997378886,5950.6870129993185,5995.852533995872
integer_sort,lovefield,[],1785229381041,"[10000.0, 1.0, 1.0]",,lovefield_integer_sort_10000_1_1,,730,5,145.51660985796246,6.872067738357096,6.7520909999730065,0.6617480262060499,15.877804999938235,6.051575000048615,5016.60944900068,5021.848308002343
integer_sort,lovefield,[],1785229381041,"[100000.0, 1.0, 1.0]",,lovefield_integer_sort_100000_1_1,,39,5,7.264795267824626,137.65012820511876,136.58178999996744,7.110014261363188,163.89302399998996,126.02834900002927,5368.354999999632,5369.093962999876
integer_sort,lovefield,[],1785229381041,"[1000.0, 2.0, 2.0]",,lovefield_integer_sort_1000_2_2,,13552,6,2275.0123311024554,0.4395580570393686,0.39813799993135035,0.12344154903746452,3.979159999988042,0.3430060000391677,5956.8907889975235,5998.334060007241
integer_sort,lovefield,[],1785229381041,"[10000.0, 2.0, 2.0]",,lovefield_integer_sort_10000_2_2,,752,5,149.89555705147015,6.671311809839879,6.537348999991082,0.9154210815265974,28.31867099995725,5.9032720000250265,5016.826480999589,5021.502524002455
integer_sort,lovefield,[],1785229381041,"[100000.0, 2.0, 2.0]",,lovefield_integer_sort_100000_2_2,,40,5,7.274639262196004,137.4638609500107,137.14137100009248,7.217489665261049,167.74661799997557,125.89368000009563,5498.5544380004285,5499.1617919995915
integer_topk,lovefield,[],1785229381041,"[1000.0, 1.0, 1.0, 100.0]",,lovefield_integer_sort_1000_1_1,,13862,6,2329.0821711474077,0.42935367948283093,0.3872869999613613,0.12205096120319625,2.94156499998644,0.33786099997814745,5951.700704991003,5997.6491700063925
integer_topk,lovefield,[],1785229381041,"[10000.0, 1.0, 1.0, 100.0]",,lovefield_integer_sort_10000_1_1,,754,5,150.45168563162463,6.6466520185653675,6.538446999969892,0.39696534857923876,8.994441000046209,5.961414000019431,5011.575621998287,5016.8485860006185
integer_topk,lovefield,[],1785229381042,"[100000.0, 1.0, 1.0, 100.0]",,lovefield_integer_sort_100000_1_1,,40,5,7.755235294118332,128.94515279999467,127.58573900000192,6.6117700329882245,158.0286410000408,122.05706800008193,5157.806111999787,5158.337909999886
integer_sort,sqljs,[],1785229381042,"[1000.0, 1.0, 1.0]",,sqljs_integer_sort_1000_1_1,,16180,6,2713.703495308049,0.36850009653928095,0.35183800000231713,0.11302785193192784,3.9506710000569,0.32439500000327826,5962.3315620055655,5997.814754008083
integer_sort,sqljs,[],1785229381042,"[10000.0, 1.0, 1.0]",,sqljs_integer_sort_10000_1_1,,1212,5,242.18576876580187,4.129061773927016,3.9648460000753403,0.4080065224376985,6.95358000008855,3.907474000006914,5004.422869999544,5009.791605999344
integer_sort,sqljs,[],1785229381042,"[100000.0, 1.0, 1.0]",,sqljs_integer_sort_100000_1_1,,77,5,14.934451010993548,66.95927418181492,62.752794999978505,8.434130564916254,94.23867600003723,60.841949000023305,5155.864111999748,5157.216335999663
integer_sort,sqljs,[],1785229381042,"[1000.0, 2.0, 2.0]",,sqljs_integer_sort_1000_2_2,,14018,6,2347.7046871045823,0.42594795056327855,0.41480499994941056,0.0687087284014976,1.585596999968402,0.3918670000275597,5970.938370996038,5998.29856099817
integer_sort,sqljs,[],1785229381042,"[10000.0, 2.0, 2.0]",,sqljs_integer_sort_10000_2_2,,1055,5,210.75005780773623,4.744957180093793,4.583617999916896,0.39460566336433767,5.988015000009909,4.524743000045419,5005.9298249989515,5010.240123997093
integer_sort,sqljs,[],1785229381042,"[100000.0, 2.0, 2.0]",,sqljs_integer_sort_100000_2_2,,70,5,13.402038436644665,74.61551499999727,70.47245299990755,8.362183804037146,96.82710100000259,68.18260900001042,5223.086049999809,5224.154435999808
integer_topk,sqljs,[],1785229381042,"[1000.0, 1.0, 1.0, 100.0]",,sqljs_integer_topk_1000_1_1_100,,28818,6,4851.604735490351,0.20611736827710267,0.2019089999375865,0.04760791365257025,4.8836770000634715,0.19813699997030199,5939.890319009544,5995.306146005052
integer_topk,sqljs,[],1785229381042,"[10000.0, 1.0, 1.0, 100.0]",,sqljs_integer_topk_10000_1_1_100,,5421,5,1086.4074042817967,0.9204650079323429,0.916338000097312,0.039708494459113536,2.4994849999202415,0.9064010001020506,4989.8408080012305,5000.043797996477
integer_topk,sqljs,[],1785229381042,"[100000.0, 1.0, 1.0, 100.0]",,sqljs_integer_topk_100000_1_1_100,,654,5,130.0965607666336,7.686598278288032,7.674274999997579,0.08926208177121778,9.770467999973334,7.649458999978378,5027.035274000373,5029.238200999098
integer_sort,arquero,[],1785229381042,"[1000.0, 1.0, 1.0]",,arquero_integer_sort_1000_1_1,,10190,6,1704.7022732022153,0.5866126981349886,0.5785809999797493,0.10907481906838744,9.724080999963917,0.5481549999676645,5977.583393995534,5999.574288010132
integer_sort,arquero,[],1785229381042,"[10000.0, 1.0, 1.0]",,arquero_integer_sort_10000_1_1,,269,5,53.57835227170408,18.664254453530894,18.60256999998819,0.6055593841700231,26.071507999906316,18.23580799996853,5020.684447999811,5021.842210000032
integer_sort,arquero,[],1785229381042,"[100000.0, 1.0, 1.0]",,arquero_integer_sort_100000_1_1,,15,5,2.901364813594458,344.6653779333302,344.9473940000171,3.056771406674347,350.1726450000424,339.98779499996454,5169.980668999953,5170.241285999888
integer_sort,arquero,[],1785229381042,"[1000.0, 2.0, 2.0]",,arquero_integer_sort_1000_2_2,,8040,5,1613.0562982129761,0.6199411645507039,0.6152109999675304,0.1145846106106768,10.040085999993607,0.5880149999866262,4984.3269629876595,5000.198612003354
integer_sort,arquero,[],1785229381042,"[10000.0, 2.0, 2.0]",,arquero_integer_sort_10000_2_2,,265,5,52.64140095455903,18.99645491698098,18.993866000091657,0.14613407900870806,19.72935499995947,18.551594999968074,5034.060552999959,5035.359183000051
integer_sort,arquero,[],1785229381042,"[100000.0, 2.0, 2.0]",,arquero_integer_sort_100000_2_2,,15,5,2.9301316925124787,341.28158900002796,343.8238050000509,6.190044270707847,352.2898409999907,333.49170900008176,5119.223835000419,5119.518058000016
integer_topk,arquero,[],1785229381042,"[1000.0, 1.0, 1.0, 100.0]",,arquero_integer_topk_1000_1_1_100,,10120,6,1692.395395180319,0.5908784689723487,0.5868379999883473,0.05654920927402219,3.6926330000860617,0.5565889999270439,5979.690106000169,5999.803834002581
integer_topk,arquero,[],1785229381042,"[10000.0, 1.0, 1.0, 100.0]",,arquero_integer_topk_10000_1_1_100,,281,5,55.65949198688363,17.966387480425688,17.959960000007413,0.4009850150681404,23.760827000020072,17.4345350000076,5048.554881999618,5049.893970000674
integer_topk,arquero,[],1785229381042,"[100000.0, 1.0, 1.0, 100.0]",,arquero_integer_topk_100000_1_1_100,,16,4,3.033625086487408,329.63862425000116,327.9622499999823,2.9643550797706473,335.51385899994057,326.4667869999539,5274.2179880000185,5274.4814499998465
integer_sort,duckdb,[sync],1785229381042,"[1000.0, 1.0, 1.0]",,duckdb_sync_integer_sort_1000_1_1,,9844,6,1656.4588584252047,0.603697456724461,0.5196659999201074,0.3635886363327176,7.513141999952495,0.4516370000783354,5942.797763995593,5998.5939010035945
integer_sort,duckdb,[sync],1785229381042,"[10000.0, 1.0, 1.0]",,duckdb_sync_integer_sort_10000_1_1,,365,5,72.51184607554198,13.790850104108669,13.972460999968462,2.451403217154082,36.04141999990679,1.3472049999982119,5033.660287999664,5036.0440360012
integer_sort,duckdb,[sync],1785229381042,"[100000.0, 1.0, 1.0]",,duckdb_sync_integer_sort_100000_1_1,,225,5,44.68248057367544,22.380136177783005,22.109257000032812,1.6949157414552976,39.564464000053704,21.503552999929525,5035.530640001176,5037.596640999196
integer_sort,duckdb,[sync],1785229381042,"[1000.0, 2.0, 2.0]",,duckdb_sync_integer_sort_1000_2_2,,8354,6,1402.8451810077622,0.7128370354322562,0.693682000041008,0.1970004551364219,13.808141999994405,0.6443580000195652,5955.040594001068,5998.996454998036
integer_sort,duckdb,[sync],1785229381042,"[10000.0, 2.0, 2.0]",,duckdb_sync_integer_sort_10000_2_2,,336,5,66.70866217843584,14.990556958332448,14.928768999991007,0.8231930570813911,23.211410999996588,3.822978000040166,5036.827137999702,5039.162253999035
integer_sort,duckdb,[sync],1785229381042,"[100000.0, 2.0, 2.0]",,duckdb_sync_integer_sort_100000_2_2,,169,5,33.67352261945428,29.6969227514756,29.48566300002858,1.9194794954560714,53.36891899991315,28.62909399997443,5018.779944999376,5021.310890999273
integer_topk,duckdb,[sync],1785229381042,"[1000.0, 1.0, 1.0, 100.0]",,duckdb_sync_integer_topk_1000_1_1_100,,13797,6,2329.2464622298353,0.4293233954481054,0.41296900005545467,0.16771367460134368,4.547232999932021,0.3859940000111237,5923.37488699751,5996.820589989657
integer_topk,duckdb,[sync],1785229381042,"[10000.0, 1.0, 1.0, 100.0]",,duckdb_sync_integer_topk_10000_1_1_100,,10829,6,1821.4398947681375,0.5490161947546978,0.5386789999902248,0.18085261455273874,7.6798219999764115,0.4994789999909699,5945.296372998622,5998.579462005058
integer_topk,duckdb,[sync],1785229381042,"[100000.0, 1.0, 1.0, 100.0]",,duckdb_sync_integer_topk_100000_1_1_100,,5540,6,926.9736253476698,1.0787793445848484,1.0643129999516532,0.1970532966319326,6.127350999973714,1.0290230000391603,5976.43756900006,6000.431694997475
csv_sum,arquero,[],1785229902402,"[1000.0, 10.0]",,arquero_csv_sum_1000,,19620,6,3301.318669897018,0.3029092614168005,0.28416999988257885,0.10876148468647465,10.268733999924734,0.25984600000083447,5943.079708997626,5996.198364028009
csv_sum,arquero,[],1785229902402,"[10000.0, 100.0]",,arquero_csv_sum_10000,,2078,5,415.7586509232412,2.405241593360431,2.3236990000586957,0.5924173484325098,23.344664999982342,2.25219799997285,4998.092031002976,5004.661958004348
csv_sum,arquero,[],1785229902402,"[100000.0, 1000.0]",,arquero_csv_sum_100000,,192,5,38.10968205036278,26.240050984379195,25.82755500008352,2.7419298769946105,49.199459000024945,24.934633000055328,5038.0897890008055,5039.855589999352
csv_sum,arquero,[],1785229902402,"[1000000.0, 10000.0]",,arquero_csv_sum_1000000,,20,5,3.618908374000127,276.3264212999842,270.4559339999687,10.774300587116931,299.0277389998082,265.3490599999204,5526.528425999684,5526.883772000205
csv_sum,duckdb,[sync],1785229902402,"[1000.0, 10.0]",,duckdb_sync_csv_sum_1000,,1047,5,209.30328308768196,4.77775592072809,4.42066300008446,1.858884299195441,39.295633000088856,3.9366949999239296,5002.310449002311,5013.069888004335
csv_sum,duckdb,[sync],1785229902402,"[10000.0, 100.0]",,duckdb_sync_csv_sum_10000,,660,5,131.62663173987943,7.597246748486279,7.482936999993399,0.5829533006064521,17.75723999994807,7.107685999944806,5014.182854000945,5019.810815003701
csv_sum,duckdb,[sync],1785229902402,"[100000.0, 1000.0]",,duckdb_sync_csv_sum_100000,,224,5,44.337423317456974,22.554310223216557,22.490233999909833,0.5667599732437273,29.56622699997388,21.98370400001295,5052.165490000509,5054.343391001923
csv_sum,duckdb,[sync],1785229902402,"[1000000.0, 10000.0]",,duckdb_sync_csv_sum_1000000,,40,5,7.382390784516123,135.45747295001055,135.3517859999556,0.3967591530563561,136.97085899999365,135.05644700000994,5418.298918000422,5418.772281999933
tpch,lovefield,[],1785230856287,"[0.25, 1.0]",Lovefield does not support arithmetic operations and nested subqueries. Aggregates and order by clauses were often simplified. Some queries with nesting were dropped.,lovefield_tpch_025_q1,Benchmark `lovefield_tpch_025_q1` failed to run `fn`: a.getTime is not a function,1,1,0.0,0.0,0.0,0.0,0.0,0.0,0.0,0.0
tpch,lovefield,[],1785230856287,"[0.25, 3.0]",Lovefield does not support arithmetic operations and nested subqueries. Aggregates and order by clauses were often simplified. Some queries with nesting were dropped.,lovefield_tpch_025_q3,Benchmark `lovefield_tpch_025_q3` failed to run `fn`: a.getTime is not a function,1,1,0.0,0.0,0.0,0.0,0.0,0.0,0.0,0.0
tpch,lovefield,[],1785230856287,"[0.25, 4.0]",Lovefield does not support arithmetic operations and nested subqueries. Aggregates and order by clauses were often simplified. Some queries with nesting were dropped.,lovefield_tpch_025_q4,Benchmark `lovefield_tpch_025_q4` failed to run `fn`: a.getTime is not a function,1,1,0.0,0.0,0.0,0.0,0.0,0.0,0.0,0.0
tpch,lovefield,[],1785230856287,"[0.25, 5.0]",Lovefield does not support arithmetic operations and nested subqueries. Aggregates and order by clauses were often simplified. Some queries with nesting were dropped.,lovefield_tpch_025_q5,Benchmark `lovefield_tpch_025_q5` failed to run `fn`: a.getTime is not a function,1,1,0.0,0.0,0.0,0.0,0.0,0.0,0.0,0.0
tpch,lovefield,[],1785230856287,"[0.25, 6.0]",Lovefield does not support arithmetic operations and nested subqueries. Aggregates and order by clauses were often simplified. Some queries with nesting were dropped.,lovefield_tpch_025_q6,,12,4,2.1962579762371734,455.31991725001717,456.0719860000536,9.48027545318721,469.23128800000995,437.1493130000308,5463.839007000206,5464.469302999321
tpch,lovefield,[],1785230856287,"[0.25, 7.0]",Lovefield does not support arithmetic operations and nested subqueries. Aggregates and order by clauses were often simplified. Some queries with nesting were dropped.,lovefield_tpch_025_q7,Benchmark `lovefield_tpch_025_q7` failed to run `fn`: a.getTime is not a function,1,1,0.0,0.0,0.0,0.0,0.0,0.0,0.0,0.0
tpch,lovefield,[],1785230856287,"[0.25, 8.0]",Lovefield does not support arithmetic operations and nested subqueries. Aggregates and order by clauses were often simplified. Some queries with nesting were dropped.,lovefield_tpch_025_q8,Benchmark `lovefield_tpch_025_q8` failed to run `fn`: a.getTime is not a function,1,1,0.0,0.0,0.0,0.0,0.0,0.0,0.0,0.0
tpch,lovefield,[],1785230856287,"[0.25, 10.0]",Lovefield does not support arithmetic operations and nested subqueries. Aggregates and order by clauses were often simplified. Some queries with nesting were dropped.,lovefield_tpch_025_q10,Benchmark `lovefield_tpch_025_q10` failed to run `fn`: a.getTime is not a function,1,1,0.0,0.0,0.0,0.0,0.0,0.0,0.0,0.0
tpch,lovefield,[],1785230856287,"[0.25, 12.0]",Lovefield does not support arithmetic operations and nested subqueries. Aggregates and order by clauses were often simplified. Some queries with nesting were dropped.,lovefield_tpch_025_q12,Benchmark `lovefield_tpch_025_q12` failed to run `fn`: a.getTime is not a function,1,1,0.0,0.0,0.0,0.0,0.0,0.0,0.0,0.0
tpch,lovefield,[],1785230856287,"[0.25, 13.0]","",lovefield_tpch_025_q13,,3,3,0.47628743122561373,2099.572515333304,2099.299669999862,8.467682912480614,2110.0769970000256,2089.340879000025,6298.7175459999125,6298.77678400022
tpch,lovefield,[],1785230856287,"[0.25, 14.0]","",lovefield_tpch_025_q14,Benchmark `lovefield_tpch_025_q14` failed to run `fn`: a.getTime is not a function,1,1,0.0,0.0,0.0,0.0,0.0,0.0,0.0,0.0
tpch,lovefield,[],1785230856287,"[0.25, 16.0]","",lovefield_tpch_025_q16,,11,4,2.076934699928882,481.47878700001587,476.9903770000674,19.69701425762381,536.8747900000308,460.7269180000294,5296.266657000175,5296.470521999989
tpch,lovefield,[],1785230856287,"[0.25, 19.0]",Lovefield does not support arithmetic operations and nested subqueries. Aggregates and order by clauses were often simplified. Some queries with nesting were dropped.,lovefield_tpch_025_q19,,2,2,0.31312046473754174,3193.6590310001047,3533.0336200001184,339.37458900001366,3533.0336200001184,2854.284442000091,6387.3180620002095,6387.350207999814
tpch,duckdb,[sync],1785230947450,"[0.5, 1.0]",,duckdb_sync_tpch_05_q1,,30,5,5.780018052494463,173.00984026657727,171.60527900001034,5.396665282878142,189.421714999713,167.55981699982658,5190.295207997318,5191.039480000269
tpch,duckdb,[sync],1785230947450,"[0.5, 2.0]",,duckdb_sync_tpch_05_q2,,386,5,76.59664257824838,13.055402512955261,12.291679999791086,2.4294594663366067,33.61377399973571,11.229307999834418,5039.385370000731,5042.932022997644
tpch,duckdb,[sync],1785230947450,"[0.5, 3.0]",,duckdb_sync_tpch_05_q3,,134,5,25.99706616745538,38.46587894028817,38.0006169998087,2.568735293057513,62.00438999990001,37.01127099990845,5154.427777998615,5155.8217749949545
tpch,duckdb,[sync],1785230947450,"[0.5, 4.0]",,duckdb_sync_tpch_05_q4,,100,5,19.16196535303798,52.18671371000353,51.90671500004828,1.4224380329195545,60.752985999919474,50.78333899984136,5218.671371000353,5219.8843720019795
tpch,duckdb,[sync],1785230947450,"[0.5, 5.0]",,duckdb_sync_tpch_05_q5,,111,5,22.006674720791036,45.440758891902895,45.49839200032875,0.9188924848994927,49.353178000077605,43.28417300013825,5043.924237001222,5045.224977998063
tpch,duckdb,[sync],1785230947450,"[0.5, 6.0]",,duckdb_sync_tpch_05_q6,,237,5,47.006199546527895,21.273789620243075,21.156383000314236,0.6098519156527384,26.583794000092894,20.206377000082284,5041.888139997609,5044.415603002068
tpch,duckdb,[sync],1785230947450,"[0.5, 7.0]",,duckdb_sync_tpch_05_q7,,115,5,22.379180949510054,44.68438779131874,44.63506700005382,0.8694425162308276,49.70602100016549,43.32426499994472,5138.704596001655,5139.79414600227
tpch,duckdb,[sync],1785230947450,"[0.5, 8.0]",,duckdb_sync_tpch_05_q8,,90,5,17.256320394534868,57.94978171109429,57.863582000136375,0.5309875546951562,61.321057999972254,57.22214900003746,5215.480353998486,5216.330768997315
tpch,duckdb,[sync],1785230947450,"[0.5, 9.0]",,duckdb_sync_tpch_05_q9,,45,5,8.573322090042149,116.64089946667147,116.01332399994135,2.525194304570169,128.9668319998309,113.15769999986514,5248.840476000216,5249.291490999982
tpch,duckdb,[sync],1785230947450,"[0.5, 10.0]",,duckdb_sync_tpch_05_q10,,50,5,9.464150343065848,105.66188868002035,105.3929410004057,1.2605392707924072,110.24592499993742,103.92733900016174,5283.094434001017,5283.640922000632
tpch,duckdb,[sync],1785230947450,"[0.5, 11.0]",,duckdb_sync_tpch_05_q11,,756,5,151.42931825992906,6.6037410158810586,6.605116999708116,0.5525705240587532,14.144261999987066,5.82507500005886,4992.42820800608,5013.984845009632
tpch,duckdb,[sync],1785230947450,"[0.5, 12.0]",,duckdb_sync_tpch_05_q12,,55,5,10.558906388552108,94.7067776909352,94.54980000015348,0.5694509852984474,96.87990000005811,93.93958600005135,5208.872773001436,5209.481017998885
tpch,duckdb,[sync],1785230947450,"[0.5, 13.0]",,duckdb_sync_tpch_05_q13,,39,5,7.075724900464585,141.32827576922062,140.4809570000507,2.331679747300263,147.35347800003365,138.2596200001426,5511.802754999604,5512.27122799959
tpch,duckdb,[sync],1785230947450,"[0.5, 14.0]",,duckdb_sync_tpch_05_q14,,186,5,36.87288521500115,27.120199413990143,27.01350300014019,0.7424642460240696,29.799286999739707,25.587070000357926,5044.357091002166,5046.411342001986
tpch,duckdb,[sync],1785230947450,"[0.5, 15.0]",,duckdb_sync_tpch_05_q15,,239,5,47.5093671381567,21.04848075732121,20.951343999709934,0.6163395904821556,27.65220300015062,20.25989199988544,5030.58690099977,5033.302366998978
tpch,duckdb,[sync],1785230947450,"[0.5, 16.0]",,duckdb_sync_tpch_05_q16,,155,5,30.78591317737222,32.48238875483493,32.18571799993515,1.3687118203571953,40.44770999997854,30.90723600005731,5034.770256999414,5036.34821599815
tpch,duckdb,[sync],1785230947450,"[0.5, 17.0]",,duckdb_sync_tpch_05_q17,,186,5,36.839693627805644,27.144633994600486,27.132199000101537,0.6392485840764075,34.608982999809086,26.35851400019601,5048.90192299569,5050.749894997571
tpch,duckdb,[sync],1785230947450,"[0.5, 18.0]",,duckdb_sync_tpch_05_q18,,40,5,7.758715989764459,128.88730574997606,127.99784999992698,2.864970935284766,137.7791360002011,124.15961700025946,5155.492229999043,5155.883819998708
tpch,duckdb,[sync],1785230947450,"[0.5, 19.0]",,duckdb_sync_tpch_05_q19,,35,5,6.293721307468343,158.8885098571756,158.70174399996176,1.0254309154346053,164.37586400005966,157.9766350002028,5561.097845001146,5561.427515999414
tpch,duckdb,[sync],1785230947450,"[0.5, 20.0]",,duckdb_sync_tpch_05_q20,,150,5,29.334992832392878,34.08898054666507,34.03017400018871,0.47090167163030877,37.45425399998203,33.51753500010818,5113.34708199976,5114.721206001006
tpch,duckdb,[sync],1785230947450,"[0.5, 21.0]",,duckdb_sync_tpch_05_q21,,35,5,6.177478253036707,161.87835214287043,161.74065699987113,0.6952584348938242,163.5551530001685,160.6794219999574,5665.742325000465,5666.06597299967
tpch,duckdb,[sync],1785230947450,"[0.5, 22.0]",,duckdb_sync_tpch_05_q22,,294,5,58.357658461168256,17.135711513603816,17.068356999661773,0.5557373925324323,22.924838999751955,16.458120000083,5037.899184999522,5040.566843003035
integer_join3,lovefield,[],1785229672089,"[10.0, 100.0, 1000.0, 10.0, 10.0, 10.0]",,lovefield_integer_join3_10_100_1000_10_10_10,,11840,6,1989.1730490349983,0.5027214703542897,0.4541600000811741,0.15761760902296376,6.28876299993135,0.4097990000154823,5952.22220899479,5996.47131799499
integer_join3,lovefield,[],1785229672089,"[100.0, 1000.0, 10000.0, 10.0, 10.0, 100.0]",,lovefield_integer_join3_100_1000_10000_100_10_10,,980,5,195.9201511751379,5.104120193874673,4.886279999976978,0.6356597623999454,8.818077999982052,4.222081000101753,5002.037789997179,5008.489286000491
integer_join3,lovefield,[],1785229672089,"[1000.0, 10000.0, 100000.0, 10.0, 10.0, 100.0]",,lovefield_integer_join3_1000_10000_100000_100_10_10,,128,5,25.068304181252348,39.89101108593786,38.37094799999613,7.114971549333736,73.73914399999194,32.85648499999661,5106.049419000046,5115.016346000717
integer_join3,lovefield,[],1785229672089,"[10000.0, 100000.0, 1000000.0, 10.0, 10.0, 100.0]",,lovefield_integer_join3_10000_100000_1000000_100_10_10,,15,5,2.4996204463831257,400.06073780000054,379.10190000000875,54.70240554448843,562.8998099999735,371.18633299996145,6000.911067000008,6001.2486289999215
integer_join3,sqljs,[],1785229672089,"[10.0, 100.0, 1000.0, 10.0, 10.0, 10.0]",,sqljs_integer_join3_10_100_1000_10_10_10,,4353,5,872.962905438667,1.1455240466346006,1.0870240000076592,0.5504471095347409,32.001239000004716,1.0496079999720678,4986.466175000416,5001.90106499719
integer_join3,sqljs,[],1785229672089,"[100.0, 1000.0, 10000.0, 10.0, 10.0, 100.0]",,sqljs_integer_join3_100_1000_10000_100_10_10,,375,5,74.76714141661698,13.374859343997203,13.085886999964714,0.6659257817878828,16.701929999981076,13.009651000029407,5015.572253998951,5017.737145998399
integer_join3,sqljs,[],1785229672089,"[1000.0, 10000.0, 100000.0, 10.0, 10.0, 100.0]",,sqljs_integer_join3_1000_10000_100000_100_10_10,,43,5,8.005571970434659,124.91299855814121,124.62064699991606,0.8429979165324504,127.76507199998014,124.33658000000287,5371.258938000072,5371.7496910005575
integer_join3,sqljs,[],1785229672089,"[10000.0, 100000.0, 1000000.0, 10.0, 10.0, 100.0]",,sqljs_integer_join3_10000_100000_1000000_100_10_10,,3,3,0.41412213410820237,2414.746562999984,2402.4933729999466,18.67123600411506,2441.1294429999543,2400.61687300005,7244.239688999951,7244.3296569999075
integer_join3,arquero,[],1785229672089,"[10.0, 100.0, 1000.0, 10.0, 10.0, 10.0]",,arquero_integer_join3_10_100_1000_10_10_10,,14055,6,2361.0114635555133,0.4235472870148932,0.40043499995954335,0.14617595862586955,11.832829000079073,0.37606199993751943,5952.9571189943235,5997.378233991563
integer_join3,arquero,[],1785229672089,"[100.0, 1000.0, 10000.0, 10.0, 10.0, 100.0]",,arquero_integer_join3_100_1000_10000_100_10_10,,1211,5,241.7927219212661,4.135773781998392,4.02547900006175,0.33938713783231045,9.777247000019997,3.931724000023678,5008.422050000052,5014.201556999586
integer_join3,arquero,[],1785229672089,"[1000.0, 10000.0, 100000.0, 10.0, 10.0, 100.0]",,arquero_integer_join3_1000_10000_100000_100_10_10,,284,5,56.340878641961176,17.749101968303826,17.651667000027373,0.4639925190607691,22.227493999991566,17.323677000007592,5040.744958998286,5042.974371999502
integer_join3,arquero,[],1785229672089,"[10000.0, 100000.0, 1000000.0, 10.0, 10.0, 100.0]",,arquero_integer_join3_10000_100000_1000000_100_10_10,,30,5,5.615318960585337,178.08427393334762,178.8753020000877,4.411920567701392,187.79520500008948,171.30320900003426,5342.528218000429,5343.007451000274
integer_join3,duckdb,[sync],1785229672089,"[10.0, 100.0, 1000.0, 10.0, 10.0, 10.0]",,duckdb_sync_integer_join3_10_100_1000_10_10_10,,4777,6,801.4495112841302,1.2477392348742473,1.0705069999676198,0.6395642232206534,10.672950000036508,0.983187000034377,5960.450324994279,5999.307847999968
integer_join3,duckdb,[sync],1785229672089,"[100.0, 1000.0, 10000.0, 10.0, 10.0, 100.0]",,duckdb_sync_integer_join3_100_1000_10000_100_10_10,,469,5,93.13143810891584,10.737512705758013,15.451156000024639,6.732106649697356,18.48862800002098,1.4779590000398457,5035.893459000508,5039.120107000228
integer_join3,duckdb,[sync],1785229672089,"[1000.0, 10000.0, 100000.0, 10.0, 10.0, 100.0]",,duckdb_sync_integer_join3_1000_10000_100000_100_10_10,,274,5,53.92547587914867,18.544110806570917,18.347987000015564,1.1001419972173636,29.987574000027962,17.664119000080973,5081.086361000431,5083.423486999585
integer_join3,duckdb,[sync],1785229672089,"[10000.0, 100000.0, 1000000.0, 10.0, 10.0, 100.0]",,duckdb_sync_integer_join3_10000_100000_1000000_100_10_10,,909,5,181.45075860393445,5.511137058306665,5.407740999944508,0.8972131907905516,31.05618700000923,5.212904999963939,5009.623586000758,5016.735165997641
tpch,sqljs,[],1785231062430,"[0.5, 1.0]",,sqljs_tpch_05_q1,,1,1,0.1624567613409941,6155.484029999934,6155.484029999934,0.0,6155.484029999934,6155.484029999934,6155.484029999934,6155.614859000314
tpch,sqljs,[],1785231062430,"[0.5, 2.0]",,sqljs_tpch_05_q2,,40,5,7.158638274002645,139.6913717000629,139.14963200036436,2.2745508401488954,151.79090500017628,137.8088609999977,5587.654868002515,5588.811144000851
tpch,sqljs,[],1785231062430,"[0.5, 3.0]",,sqljs_tpch_05_q3,,5,5,0.9933743630641271,1006.6698287999258,1004.7716709999368,2.4665845809773037,1010.279989999719,1004.6247229999863,5033.349143999629,5033.475206999574
tpch,sqljs,[],1785231062430,"[0.5, 4.0]",,sqljs_tpch_05_q4,,25,5,4.288353373667488,233.18973807999865,231.49426899990067,3.220220283713443,239.45100799994543,230.57827500021085,5829.743451999966,5830.246285998728
tpch,sqljs,[],1785231062430,"[0.5, 5.0]",,sqljs_tpch_05_q5,,5,5,0.8797288024267952,1136.7139478000813,1133.322421000339,9.475486012983163,1155.5044539999217,1130.4164829999208,5683.569739000406,5683.679677000269
tpch,sqljs,[],1785231062430,"[0.5, 6.0]",,sqljs_tpch_05_q6,,8,4,1.4786731563969677,676.2819732500357,679.1865870002657,6.778527129933812,689.8286959999241,669.69087999966,5410.255786000285,5410.412421000656
tpch,sqljs,[],1785231062430,"[0.5, 7.0]",,sqljs_tpch_05_q7,,4,4,0.6339556737822315,1577.3973502499284,1579.2234970000573,6.915968523974733,1587.0077909999527,1567.7912979996763,6309.589400999714,6309.816904000472
tpch,sqljs,[],1785231062430,"[0.5, 8.0]",,sqljs_tpch_05_q8,,2,2,0.37986773072854524,2632.495258499868,2638.432459999807,5.937201499938965,2638.432459999807,2626.5580569999292,5264.990516999736,5265.54364599986
tpch,sqljs,[],1785231062430,"[0.5, 9.0]",,sqljs_tpch_05_q9,,1,1,0.19747700850182434,5063.8806389998645,5063.8806389998645,0.0,5063.8806389998645,5063.8806389998645,5063.8806389998645,5063.906459999736
tpch,sqljs,[],1785231062430,"[0.5, 10.0]",,sqljs_tpch_05_q10,,8,4,1.3266089948866706,753.8016128749587,754.733014000114,1.8331377761168375,756.1498839999549,751.4080150001682,6030.412902999669,6034.365776999854
tpch,sqljs,[],1785231062430,"[0.5, 11.0]",,sqljs_tpch_05_q11,,15,5,2.864952324818879,349.04594793325913,348.9347819997929,1.1492309681841337,351.7300709998235,347.3772020000033,5235.689218998887,5236.018550999463
tpch,sqljs,[],1785231062430,"[0.5, 12.0]",,sqljs_tpch_05_q12,,8,4,1.5991675776249747,625.3253342499374,624.1021750001237,3.272082090562297,630.7480779998004,622.0219209999777,5002.6026739994995,5002.7733240001835
tpch,sqljs,[],1785231062430,"[0.5, 13.0]",,sqljs_tpch_05_q13,,2,2,0.26221667646421665,3813.6399769999553,3860.9514020001516,47.31142500019632,3860.9514020001516,3766.328551999759,7627.2799539999105,7627.331477000378
tpch,sqljs,[],1785231062430,"[0.5, 14.0]",,sqljs_tpch_05_q14,,8,4,1.5411480012694831,648.8669479999808,648.6289389999583,6.0699919956901605,659.036213000305,641.0137289999984,5190.935583999846,5191.12233900046
tpch,sqljs,[],1785231062430,"[0.5, 15.0]",,sqljs_tpch_05_q15,,4,4,0.7721880574833856,1295.0213232500246,1305.3365139998496,14.672948670351632,1313.467165000271,1279.958546999842,5180.085293000098,5180.169530999847
tpch,sqljs,[],1785231062430,"[0.5, 16.0]",,sqljs_tpch_05_q16,,20,5,3.8976577163353303,256.56434524995274,255.31786399986595,2.9432319751204767,262.4839800000191,252.72434499999508,5131.286904999055,5131.7593280002475
tpch,sqljs,[],1785231062430,"[0.5, 18.0]",,sqljs_tpch_05_q18,,8,4,1.3885571146216933,720.1720328748925,718.4656089995988,4.4334231657132115,728.8457069997676,716.4366500000469,5761.37626299914,5761.549932999536
tpch,sqljs,[],1785231062430,"[0.5, 19.0]",,sqljs_tpch_05_q19,,8,4,1.354764761263564,738.1355262498255,736.5315379998647,3.4763131101928613,744.2784529998899,735.4605580000207,5905.084209998604,5905.251765000168
tpch,sqljs,[],1785231062430,"[0.5, 21.0]",,sqljs_tpch_05_q21,,2,2,0.2319730807673585,4310.8450199998915,4310.847817999776,0.0027979998849332333,4310.847817999776,4310.842222000007,8621.690039999783,8621.734417999629
tpch,sqljs,[],1785230715507,"[0.25, 1.0]",,sqljs_tpch_025_q1,,2,2,0.3701505041925793,2701.603776499862,3078.1297489998396,376.5259724999778,3078.1297489998396,2325.077803999884,5403.207552999724,5403.359165000031
tpch,sqljs,[],1785230715507,"[0.25, 2.0]",,sqljs_tpch_025_q2,,75,5,14.62797235527156,68.36217458666613,67.9143590000458,1.6583134252487333,79.83227000012994,67.35342099983245,5127.1630939999595,5128.869985998841
tpch,sqljs,[],1785230715507,"[0.25, 3.0]",,sqljs_tpch_025_q3,,10,5,1.9839633331327327,504.041573399934,503.6999069999438,1.611015888517775,507.6131609999575,501.9824970001355,5040.41573399934,5040.628507000394
tpch,sqljs,[],1785230715507,"[0.25, 4.0]",,sqljs_tpch_025_q4,,45,5,8.669496594183713,115.34695113334391,115.03676200006157,1.1272911351179427,121.45661800005473,114.47204599995166,5190.612801000476,5191.48451800039
tpch,sqljs,[],1785230715507,"[0.25, 5.0]",,sqljs_tpch_025_q5,,10,5,1.8335119664148245,545.4014035999775,545.1098409998231,2.7982799950591972,550.2129669999704,541.176214999985,5454.014035999775,5454.22477600025
tpch,sqljs,[],1785230715507,"[0.25, 6.0]",,sqljs_tpch_025_q6,,15,5,2.9901729336040495,334.42881806661995,334.44065300002694,2.030988581172364,339.7564560000319,332.1549299999606,5016.432270999299,5016.721631001215
tpch,sqljs,[],1785230715507,"[0.25, 7.0]",,sqljs_tpch_025_q7,,8,4,1.3566730724371545,737.0972567499848,735.9555969999637,3.213976703001949,744.5605750000104,733.3729880000465,5896.7780539998785,5897.035926000448
tpch,sqljs,[],1785230715507,"[0.25, 8.0]",,sqljs_tpch_025_q8,,5,5,0.8269023150216098,1209.332688799966,1210.976476999931,3.6150348009566606,1213.3800679999404,1203.9115859998856,6046.663443999831,6046.800954000093
tpch,sqljs,[],1785230715507,"[0.25, 9.0]",,sqljs_tpch_025_q9,,3,3,0.43639433630849256,2291.5054499999,2287.2044189998414,10.395869158455032,2305.8312269998714,2281.480703999987,6874.5163499997,6874.598515999969
tpch,sqljs,[],1785230715507,"[0.25, 10.0]",,sqljs_tpch_025_q10,,15,5,2.7011058016523046,370.218745000024,370.14135399996303,1.8104299236350379,374.6193050001748,367.785416000057,5553.28117500036,5553.682396999793
tpch,sqljs,[],1785230715507,"[0.25, 11.0]",,sqljs_tpch_025_q11,,30,5,5.814410233958536,171.98648870002168,171.94493600004353,0.6780661203496231,173.6770709999837,170.8886899999343,5159.59466100065,5160.169663999695
tpch,sqljs,[],1785230715507,"[0.25, 12.0]",,sqljs_tpch_025_q12,,16,4,3.183951377773556,314.0751479374885,313.7151649999432,1.5776018116998267,317.97019100002944,311.86235100007616,5025.202366999816,5025.52172599989
tpch,sqljs,[],1785230715507,"[0.25, 13.0]",,sqljs_tpch_025_q13,,4,4,0.6001567355827055,1666.2314037500182,1673.6181040001102,7.90406933402338,1673.8883740000892,1655.2781909999903,6664.925615000073,6665.060645000078
tpch,sqljs,[],1785230715507,"[0.25, 14.0]",,sqljs_tpch_025_q14,,16,4,3.118524894689028,320.6644275000144,319.51670200005174,3.524239035630224,330.1248439999763,317.6039990000427,5130.630840000231,5130.9620779994875
tpch,sqljs,[],1785230715507,"[0.25, 15.0]",,sqljs_tpch_025_q15,,8,4,1.5838673866389523,631.3659896249592,631.2759829999413,3.1304018530317044,637.4308839999139,627.1723789998796,5050.9279169996735,5051.107907999773
tpch,sqljs,[],1785230715507,"[0.25, 16.0]",,sqljs_tpch_025_q16,,45,5,8.781434004819939,113.87661735556192,113.70451999991201,0.5955943057465782,115.61264299997129,112.91902799997479,5124.447781000286,5125.283658999018
tpch,sqljs,[],1785230715507,"[0.25, 18.0]",,sqljs_tpch_025_q18,,15,5,2.785844759281061,358.9575466000009,358.41619300004095,1.0182163115261367,361.2365780000109,357.69425599998794,5384.363199000014,5384.677051000297
tpch,sqljs,[],1785230715507,"[0.25, 19.0]",,sqljs_tpch_025_q19,,15,5,2.778375042487838,359.9226111333662,359.6825800000224,1.35651610664267,364.03608699981123,358.83318400010467,5398.839167000493,5399.1373289998155
tpch,sqljs,[],1785230715507,"[0.25, 21.0]",,sqljs_tpch_025_q21,,3,3,0.4717628882548531,2119.708915000083,2117.929449000163,2.634066105787451,2123.432829000056,2117.76446700003,6359.126745000249,6359.185723999981
tpch,duckdb,[sync],1785230602844,"[0.25, 1.0]",,duckdb_sync_tpch_025_q1,,59,5,11.213071794667336,89.18162822033973,87.90183599991724,3.97646324530361,105.76682899985462,85.42735600005835,5261.716065000044,5263.083242998924
tpch,duckdb,[sync],1785230602844,"[0.25, 2.0]",,duckdb_sync_tpch_025_q2,,523,5,104.20305862188344,9.596647288719723,9.083251000149176,1.8406523712355662,23.227480000117794,8.23729099985212,5019.046532000415,5023.625983998179
tpch,duckdb,[sync],1785230602844,"[0.25, 3.0]",,duckdb_sync_tpch_025_q3,,245,5,48.48767637010489,20.62379711428182,20.376801000209525,1.1572687770025707,31.87553199985996,19.581719999900088,5052.830292999046,5055.64206200256
tpch,duckdb,[sync],1785230602844,"[0.25, 4.0]",,duckdb_sync_tpch_025_q4,,189,5,37.3992697936753,26.738489962954112,26.50888999993913,1.2575327437100603,37.464362000115216,25.71471400000155,5053.5746029983275,5055.98333600047
tpch,duckdb,[sync],1785230602844,"[0.25, 5.0]",,duckdb_sync_tpch_025_q5,,208,5,40.92138561151612,24.437100187501457,24.261945000151172,0.8543478846937855,32.62499399995431,23.53144499985501,5082.916839000303,5085.121657997835
tpch,duckdb,[sync],1785230602844,"[0.25, 6.0]",,duckdb_sync_tpch_025_q6,,449,5,89.34971288312379,11.191977766152151,11.104407999897376,0.4696786288353514,16.667720000026748,10.536634000018239,5025.198017002316,5029.060844004154
tpch,duckdb,[sync],1785230602844,"[0.25, 7.0]",,duckdb_sync_tpch_025_q7,,202,5,39.82573517725664,25.109392094061626,24.960165000054985,0.7942027305373274,30.708322999998927,24.0914070000872,5072.097203000449,5074.186498999363
tpch,duckdb,[sync],1785230602844,"[0.25, 8.0]",,duckdb_sync_tpch_025_q8,,159,5,31.32128573815384,31.927169540867723,31.851406999863684,0.6370184460820774,38.154835999943316,31.18351500015706,5076.419956997968,5078.020090998849
tpch,duckdb,[sync],1785230602844,"[0.25, 9.0]",,duckdb_sync_tpch_025_q9,,88,5,17.182278131166804,58.19950022727823,57.95177899999544,1.8667320916144508,65.02624299982563,55.385934999911115,5121.556020000484,5122.556715999497
tpch,duckdb,[sync],1785230602844,"[0.25, 10.0]",,duckdb_sync_tpch_025_q10,,95,5,18.57540745275866,53.834619915779484,53.7690789999906,0.7257906762289903,58.05048199999146,52.61084199999459,5114.288891999051,5115.356321000727
tpch,duckdb,[sync],1785230602844,"[0.25, 11.0]",,duckdb_sync_tpch_025_q11,,1064,5,212.80457265965094,4.699147144734292,4.531868000049144,0.6713062735356427,12.711142000043765,4.40909199998714,4999.892561997287,5006.662294998299
tpch,duckdb,[sync],1785230602844,"[0.25, 12.0]",,duckdb_sync_tpch_025_q12,,105,5,20.600361042282536,48.54283854285299,48.43699499987997,0.5274828543450956,51.1549009999726,47.8086089999415,5096.998046999564,5098.220179998083
tpch,duckdb,[sync],1785230602844,"[0.25, 13.0]",,duckdb_sync_tpch_025_q13,,75,5,14.435519180215797,69.27357357333725,69.14921800000593,0.6103663802717848,72.67628100002185,68.49311699997634,5195.5180180002935,5196.400892000645
tpch,duckdb,[sync],1785230602844,"[0.25, 14.0]",,duckdb_sync_tpch_025_q14,,386,5,76.69795308510405,13.03815760103011,12.979875000193715,0.5829642996960962,16.51087099988945,12.09799599996768,5032.728833997622,5035.607185002882
tpch,duckdb,[sync],1785230602844,"[0.25, 15.0]",,duckdb_sync_tpch_025_q15,,526,5,104.5068218430948,9.568753334604196,9.537088999990374,0.3727825645709361,13.97667000000365,9.0332959999796,5033.164254001807,5036.259011992719
tpch,duckdb,[sync],1785230602844,"[0.25, 16.0]",,duckdb_sync_tpch_025_q16,,290,5,57.439708851750574,17.40955899656381,17.17031900002621,1.1585145334430427,25.54933000006713,16.431781999999657,5048.772109003505,5050.857698997017
tpch,duckdb,[sync],1785230602844,"[0.25, 17.0]",,duckdb_sync_tpch_025_q17,,348,5,69.10269923243476,14.471214744251693,14.347080999985337,0.4369673871144441,19.816984999924898,14.033282999880612,5035.982730999589,5038.256129001267
tpch,duckdb,[sync],1785230602844,"[0.25, 18.0]",,duckdb_sync_tpch_025_q18,,85,5,16.822274187215115,59.44499470588806,59.36602700012736,0.8594732315017354,61.94144700001925,57.800514000002295,5052.824550000485,5053.516575000947
tpch,duckdb,[sync],1785230602844,"[0.25, 19.0]",,duckdb_sync_tpch_025_q19,,65,5,12.413336034272417,80.55852167693396,80.47560200002044,0.6572185428855,85.4148499998264,80.0577269999776,5236.303909000708,5236.864232999738
tpch,duckdb,[sync],1785230602844,"[0.25, 20.0]",,duckdb_sync_tpch_025_q20,,287,5,56.96978064663898,17.55316570731779,17.513145999982953,0.5770210837929666,22.519056000048295,16.507336999988183,5037.758558000205,5043.819352001185
tpch,duckdb,[sync],1785230602844,"[0.25, 21.0]",,duckdb_sync_tpch_025_q21,,60,5,11.777711223676778,84.90614016666466,84.81381399999373,0.7650524894686183,86.89785000006668,83.54552899999544,5094.368409999879,5094.853193999734
tpch,duckdb,[sync],1785230602844,"[0.25, 22.0]",,duckdb_sync_tpch_025_q22,,542,5,108.19877540150769,9.242248780442903,9.169139999896288,0.4904460539497116,15.919315000064671,9.035988999996334,5009.298839000054,5011.998879002174
tpch,arquero,[],1785230821204,"[0.25, 1.0]",Arquero does not implement join reordering and query unnesting. The plans were generated by a relational database and were manually migrated to the Arquero API.,arquero_tpch_025_q1,"Benchmark `arquero_tpch_025_q1` failed to run `before` callback: Unrecognized type: ""undefined""",0,0,0.0,0.0,0.0,0.0,0.0,0.0,0.0,0.0
tpch,arquero,[],1785230821204,"[0.25, 2.0]",Arquero does not implement join reordering and query unnesting. The plans were generated by a relational database and were manually migrated to the Arquero API.,arquero_tpch_025_q2,"Benchmark `arquero_tpch_025_q2` failed to run `before` callback: Unrecognized type: ""undefined""",0,0,0.0,0.0,0.0,0.0,0.0,0.0,0.0,0.0
tpch,arquero,[],1785230821204,"[0.25, 3.0]",Arquero does not implement join reordering and query unnesting. The plans were generated by a relational database and were manually migrated to the Arquero API.,arquero_tpch_025_q3,"Benchmark `arquero_tpch_025_q3` failed to run `before` callback: Unrecognized type: ""undefined""",0,0,0.0,0.0,0.0,0.0,0.0,0.0,0.0,0.0
tpch,arquero,[],1785230821204,"[0.25, 4.0]",Arquero does not implement join reordering and query unnesting. The plans were generated by a relational database and were manually migrated to the Arquero API.,arquero_tpch_025_q4,"Benchmark `arquero_tpch_025_q4` failed to run `before` callback: Unrecognized type: ""undefined""",0,0,0.0,0.0,0.0,0.0,0.0,0.0,0.0,0.0
tpch,arquero,[],1785230821204,"[0.25, 5.0]",Arquero does not implement join reordering and query unnesting. The plans were generated by a relational database and were manually migrated to the Arquero API.,arquero_tpch_025_q5,"Benchmark `arquero_tpch_025_q5` failed to run `before` callback: Unrecognized type: ""undefined""",0,0,0.0,0.0,0.0,0.0,0.0,0.0,0.0,0.0
tpch,arquero,[],1785230821204,"[0.25, 6.0]",Arquero does not implement join reordering and query unnesting. The plans were generated by a relational database and were manually migrated to the Arquero API.,arquero_tpch_025_q6,"Benchmark `arquero_tpch_025_q6` failed to run `before` callback: Unrecognized type: ""undefined""",0,0,0.0,0.0,0.0,0.0,0.0,0.0,0.0,0.0
tpch,arquero,[],1785230821204,"[0.25, 7.0]",Arquero does not implement join reordering and query unnesting. The plans were generated by a relational database and were manually migrated to the Arquero API.,arquero_tpch_025_q7,"Benchmark `arquero_tpch_025_q7` failed to run `before` callback: Unrecognized type: ""undefined""",0,0,0.0,0.0,0.0,0.0,0.0,0.0,0.0,0.0
tpch,arquero,[],1785230821204,"[0.25, 8.0]",Arquero does not implement join reordering and query unnesting. The plans were generated by a relational database and were manually migrated to the Arquero API.,arquero_tpch_025_q8,"Benchmark `arquero_tpch_025_q8` failed to run `before` callback: Unrecognized type: ""undefined""",0,0,0.0,0.0,0.0,0.0,0.0,0.0,0.0,0.0
tpch,arquero,[],1785230821204,"[0.25, 10.0]",Arquero does not implement join reordering and query unnesting. The plans were generated by a relational database and were manually migrated to the Arquero API.,arquero_tpch_025_q10,"Benchmark `arquero_tpch_025_q10` failed to run `before` callback: Unrecognized type: ""undefined""",0,0,0.0,0.0,0.0,0.0,0.0,0.0,0.0,0.0
tpch,arquero,[],1785230821204,"[0.25, 11.0]",Arquero does not implement join reordering and query unnesting. The plans were generated by a relational database and were manually migrated to the Arquero API.,arquero_tpch_025_q11,"Benchmark `arquero_tpch_025_q11` failed to run `before` callback: Unrecognized type: ""undefined""",0,0,0.0,0.0,0.0,0.0,0.0,0.0,0.0,0.0
tpch,arquero,[],1785230821204,"[0.25, 12.0]",Arquero does not implement join reordering and query unnesting. The plans were generated by a relational database and were manually migrated to the Arquero API.,arquero_tpch_025_q12,"Benchmark `arquero_tpch_025_q12` failed to run `before` callback: Unrecognized type: ""undefined""",0,0,0.0,0.0,0.0,0.0,0.0,0.0,0.0,0.0
tpch,arquero,[],1785230821204,"[0.25, 13.0]",Arquero does not implement join reordering and query unnesting. The plans were generated by a relational database and were manually migrated to the Arquero API.,arquero_tpch_025_q13,"Benchmark `arquero_tpch_025_q13` failed to run `before` callback: Unrecognized type: ""undefined""",0,0,0.0,0.0,0.0,0.0,0.0,0.0,0.0,0.0
tpch,arquero,[],1785230821204,"[0.25, 14.0]",Arquero does not implement join reordering and query unnesting. The plans were generated by a relational database and were manually migrated to the Arquero API.,arquero_tpch_025_q14,"Benchmark `arquero_tpch_025_q14` failed to run `before` callback: Unrecognized type: ""undefined""",0,0,0.0,0.0,0.0,0.0,0.0,0.0,0.0,0.0
tpch,arquero,[],1785230821204,"[0.25, 15.0]",Arquero does not implement join reordering and query unnesting. The plans were generated by a relational database and were manually migrated to the Arquero API.,arquero_tpch_025_q15,"Benchmark `arquero_tpch_025_q15` failed to run `before` callback: Unrecognized type: ""undefined""",0,0,0.0,0.0,0.0,0.0,0.0,0.0,0.0,0.0
tpch,arquero,[],1785230821204,"[0.25, 16.0]",Arquero does not implement join reordering and query unnesting. The plans were generated by a relational database and were manually migrated to the Arquero API.,arquero_tpch_025_q16,"Benchmark `arquero_tpch_025_q16` failed to run `before` callback: Unrecognized type: ""undefined""",0,0,0.0,0.0,0.0,0.0,0.0,0.0,0.0,0.0
tpch,arquero,[],1785230821204,"[0.25, 17.0]",Arquero does not implement join reordering and query unnesting. The plans were generated by a relational database and were manually migrated to the Arquero API.,arquero_tpch_025_q17,"Benchmark `arquero_tpch_025_q17` failed to run `before` callback: Unrecognized type: ""undefined""",0,0,0.0,0.0,0.0,0.0,0.0,0.0,0.0,0.0
tpch,arquero,[],1785230821204,"[0.25, 18.0]",Arquero does not implement join reordering and query unnesting. The plans were generated by a relational database and were manually migrated to the Arquero API.,arquero_tpch_025_q18,"Benchmark `arquero_tpch_025_q18` failed to run `before` callback: Unrecognized type: ""undefined""",0,0,0.0,0.0,0.0,0.0,0.0,0.0,0.0,0.0
tpch,arquero,[],1785230821204,"[0.25, 19.0]",Arquero does not implement join reordering and query unnesting. The plans were generated by a relational database and were manually migrated to the Arquero API.,arquero_tpch_025_q19,"Benchmark `arquero_tpch_025_q19` failed to run `before` callback: Unrecognized type: ""undefined""",0,0,0.0,0.0,0.0,0.0,0.0,0.0,0.0,0.0
tpch,arquero,[],1785230821204,"[0.25, 20.0]",Arquero does not implement join reordering and query unnesting. The plans were generated by a relational database and were manually migrated to the Arquero API.,arquero_tpch_025_q20,"Benchmark `arquero_tpch_025_q20` failed to run `before` callback: Unrecognized type: ""undefined""",0,0,0.0,0.0,0.0,0.0,0.0,0.0,0.0,0.0
tpch,arquero,[],1785230821204,"[0.25, 22.0]",Arquero does not implement join reordering and query unnesting. The plans were generated by a relational database and were manually migrated to the Arquero API.,arquero_tpch_025_q22,"Benchmark `arquero_tpch_025_q22` failed to run `before` callback: Unrecognized type: ""undefined""",0,0,0.0,0.0,0.0,0.0,0.0,0.0,0.0,0.0
integer_join2,lovefield,[],1785229579082,"[1000.0, 10000.0, 10.0, 100.0]",,lovefield_integer_join2_1000_10000_100_10,,2685,5,538.4315073880925,1.8572464394792862,1.74474100000225,0.42156586235860927,13.832301000016741,1.4888860000064597,4986.7066900018835,5001.902705001645
integer_join2,lovefield,[],1785229579082,"[10000.0, 100000.0, 10.0, 100.0]",,lovefield_integer_join2_10000_100000_100_10,,195,5,38.39400491388471,26.04573297948302,25.03540100005921,4.818782943267686,60.81637299992144,23.302673999918625,5078.917930999189,5081.548918999848
integer_join2,lovefield,[],1785229579082,"[100000.0, 100000.0, 10.0, 100.0]",,lovefield_integer_join2_100000_100000_100_10,,97,5,18.83276935269406,53.0989352268018,51.828355000005104,8.89375586598841,90.19383699994069,41.02625899994746,5150.596716999775,5151.913931000279
integer_join2,lovefield,[],1785229579082,"[100000.0, 1000000.0, 10.0, 100.0]",,lovefield_integer_join2_100000_1000000_100_10,,15,5,2.7125081886304874,368.6624815333324,360.4635629999684,31.527665961069978,482.52559800003655,347.8369289999828,5529.937222999986,5530.169915000093
integer_join2,sqljs,[],1785229579082,"[1000.0, 10000.0, 10.0, 100.0]",,sqljs_integer_join2_1000_10000_10_100,,553,5,110.21426097577766,9.073235996381403,8.944653999991715,1.1198476863547298,32.47420499997679,8.8720350000076,5017.499505998916,5020.463772999356
integer_join2,sqljs,[],1785229579082,"[10000.0, 100000.0, 10.0, 100.0]",,sqljs_integer_join2_10000_100000_10_100,,45,5,8.91608717814483,112.15682171112081,112.10550800000783,0.5455316489108017,114.01438900001813,111.45542100002058,5047.056977000437,5047.801046000095
integer_join2,sqljs,[],1785229579082,"[100000.0, 100000.0, 10.0, 100.0]",,sqljs_integer_join2_100000_100000_10_100,,45,5,8.596707959154633,116.32359791111666,116.18561899999622,0.48836023910329013,118.94072900002357,115.88120800000615,5234.56190600025,5235.241764000384
integer_join2,sqljs,[],1785229579082,"[100000.0, 1000000.0, 10.0, 100.0]",,sqljs_integer_join2_100000_1000000_10_100,,3,3,0.4315986721394978,2316.9672766666627,2319.275808000006,13.683364061716167,2332.451961999992,2299.1740599999903,6950.901829999988,6951.016518999939
integer_join2,arquero,[],1785229579082,"[1000.0, 10000.0, 10.0, 100.0]",,arquero_integer_join2_1000_10000_100_10,,3567,5,715.2214409983538,1.3981683751037068,1.3507769999559969,0.3100476619860053,14.800644999952056,1.2931819999357685,4987.266593994922,5001.657232998055
integer_join2,arquero,[],1785229579082,"[10000.0, 100000.0, 10.0, 100.0]",,arquero_integer_join2_10000_100000_100_10,,362,5,72.14653286721274,13.860679928175088,13.642335999989882,0.8516269220121139,18.32620200002566,13.252910000039265,5017.566133999382,5019.815802998375
integer_join2,arquero,[],1785229579082,"[100000.0, 100000.0, 10.0, 100.0]",,arquero_integer_join2_100000_100000_100_10,,225,5,44.43180061531706,22.506402759992312,22.245401999913156,0.9421491655592904,27.188517999951728,21.705070999916643,5063.94062099827,5068.550791999325
integer_join2,arquero,[],1785229579082,"[100000.0, 1000000.0, 10.0, 100.0]",,arquero_integer_join2_100000_1000000_100_10,,35,5,6.202039837470715,161.23727454285668,161.08400599996094,1.8600324384163418,167.5309989999514,158.51162000000477,5643.304608999984,5643.7122940000845
integer_join2,duckdb,[sync],1785229579082,"[1000.0, 10000.0, 10.0, 100.0]",,duckdb_sync_integer_join2_1000_10000_10_100,,5585,6,936.0969205094751,1.0682654521027004,0.9223139999667183,0.46333346369941164,9.656802000012249,0.8299750000005588,5966.262549993582,5997.986519002821
integer_join2,duckdb,[sync],1785229579082,"[10000.0, 100000.0, 10.0, 100.0]",,duckdb_sync_integer_join2_10000_100000_10_100,,4571,5,918.1063369922383,1.0891984508853836,1.0562050000298768,0.2605210201093161,4.879168000072241,1.0031760000856593,4978.726118997089,5000.071770998766
integer_join2,duckdb,[sync],1785229579082,"[100000.0, 100000.0, 10.0, 100.0]",,duckdb_sync_integer_join2_100000_100000_10_100,,3883,5,779.0582380272605,1.2836010855006306,1.2555609999690205,0.25963556955704675,5.3702989999437705,1.2124230000190437,4984.223014998948,5002.229853999917
integer_join2,duckdb,[sync],1785229579082,"[100000.0, 1000000.0, 10.0, 100.0]",,duckdb_sync_integer_join2_100000_1000000_10_100,,1405,5,281.0233507924172,3.5584231601404093,3.461962000001222,0.4449920210067222,11.30977300007362,3.3988449999596924,4999.584539997275,5006.680357997189
tpch,duckdb,[sync],1785229950973,"[0.01, 1.0]",,duckdb_sync_tpch_001_q1,,938,5,187.6709426566565,5.328475393388403,4.874216000083834,1.374546102072915,14.894059000071138,4.60771800018847,4998.1099189983215,5006.434610998724
tpch,duckdb,[sync],1785229950973,"[0.01, 2.0]",,duckdb_sync_tpch_001_q2,,1026,5,204.60790033803036,4.887396812869452,4.523027000017464,1.2621231683389587,18.92539900005795,4.284062999999151,5014.469130004058,5021.145458999788
tpch,duckdb,[sync],1785229950973,"[0.01, 3.0]",,duckdb_sync_tpch_001_q3,,1842,5,368.70342972328734,2.712206937566331,2.6282780000474304,0.6050917919535312,12.547587000066414,2.4944109998177737,4995.885178997181,5006.219562001061
tpch,duckdb,[sync],1785229950973,"[0.01, 4.0]",,duckdb_sync_tpch_001_q4,,1505,5,301.02264033384074,3.3220092644559163,3.2745680001098663,0.4205665259110458,11.017783999908715,3.140752000035718,4999.623943006154,5007.044236997608
tpch,duckdb,[sync],1785229950973,"[0.01, 5.0]",,duckdb_sync_tpch_001_q5,,1103,5,220.28646090516295,4.539543628287337,4.461572000058368,0.6624511544619733,15.41325300000608,4.38317700009793,5007.116622000933,5012.442237999756
tpch,duckdb,[sync],1785229950973,"[0.01, 6.0]",,duckdb_sync_tpch_001_q6,,5324,5,1068.7647343341773,0.9356596151378288,0.91820800001733,0.2135540261076797,7.275326000060886,0.8839229999575764,4981.4517909938,5000.317517989548
tpch,duckdb,[sync],1785229950973,"[0.01, 7.0]",,duckdb_sync_tpch_001_q7,,1048,5,209.2830445544833,4.7782179494224,4.663005999987945,0.8543530507374215,17.10300000011921,4.550118000013754,5007.572410994675,5012.615460000699
tpch,duckdb,[sync],1785229950973,"[0.01, 8.0]",,duckdb_sync_tpch_001_q8,,916,5,182.59373675461512,5.476639110266331,5.358902000123635,0.9250750338229434,18.05934099992737,5.2534030000679195,5016.601425003959,5020.9434550011065
tpch,duckdb,[sync],1785229950973,"[0.01, 9.0]",,duckdb_sync_tpch_001_q9,,847,5,169.08628579344835,5.914140199528514,5.794927999842912,0.7497776996231501,16.883901000022888,5.621435000095516,5009.276749000652,5013.903995996341
tpch,duckdb,[sync],1785229950973,"[0.01, 10.0]",,duckdb_sync_tpch_001_q10,,893,5,178.21846239480712,5.611090941771798,5.51595599995926,0.608626924040481,14.483003000030294,5.340313999913633,5010.704211002216,5015.577719002264
tpch,duckdb,[sync],1785229950973,"[0.01, 11.0]",,duckdb_sync_tpch_001_q11,,2133,5,427.13030268801134,2.3412059357690422,2.284523999784142,0.5135944978039461,12.5824090000242,2.204833999974653,4993.7922609953675,5004.3452750027645
tpch,duckdb,[sync],1785229950973,"[0.01, 12.0]",,duckdb_sync_tpch_001_q12,,1293,5,258.2337630127378,3.8724603178658454,3.8206629999913275,0.4431454647745212,11.547160999849439,3.7588110000360757,5007.091191000538,5013.490378991002
tpch,duckdb,[sync],1785229950973,"[0.01, 13.0]",,duckdb_sync_tpch_001_q13,,1384,5,276.86651097763325,3.6118488887259654,3.578355000121519,0.34282883052363705,11.05211600009352,3.511716000037268,4998.798861996736,5005.588986003306
tpch,duckdb,[sync],1785229950973,"[0.01, 14.0]",,duckdb_sync_tpch_001_q14,,3173,5,636.1035811894478,1.5720710110295302,1.5424730000086129,0.3422529792844071,9.152939999941736,1.4830739998724312,4988.181317996699,5002.0196080014575
tpch,duckdb,[sync],1785229950973,"[0.01, 15.0]",,duckdb_sync_tpch_001_q15,,2237,5,448.5154850114188,2.2295774246780824,2.2012970000505447,0.3053651088146289,8.20668000006117,2.1438629999756813,4987.56469900487,5004.442960003391
tpch,duckdb,[sync],1785229950973,"[0.01, 16.0]",,duckdb_sync_tpch_001_q16,,1652,5,331.0655725053739,3.02054965254283,2.9625229998491704,0.4707916066625174,12.638830000068992,2.899845999898389,4989.948026000755,5006.629506004043
tpch,duckdb,[sync],1785229950974,"[0.01, 17.0]",,duckdb_sync_tpch_001_q17,,3259,5,654.4483527465537,1.5280044571939917,1.5134709998965263,0.30410527326483916,9.348607999971136,1.4383700001053512,4979.766525995219,5002.509067994542
tpch,duckdb,[sync],1785229950974,"[0.01, 18.0]",,duckdb_sync_tpch_001_q18,,1163,5,232.41553337149438,4.3026384058486915,4.234890999970958,0.5830499585627643,14.607434999896213,4.1389429999981076,5003.968466002028,5009.630771005759
tpch,duckdb,[sync],1785229950974,"[0.01, 19.0]",,duckdb_sync_tpch_001_q19,,938,5,187.15059785196638,5.343290438168872,5.2661280001048,0.6805289715698861,17.11041500000283,5.1778339999727905,5012.006431002403,5016.975033000344
tpch,duckdb,[sync],1785229950974,"[0.01, 20.0]",,duckdb_sync_tpch_001_q20,,1282,5,256.48711507916425,3.898831329953366,3.834286999888718,0.6249284248450404,14.064291999908164,3.7456479999236763,4998.301765000215,5004.568624000065
tpch,duckdb,[sync],1785229950974,"[0.01, 21.0]",,duckdb_sync_tpch_001_q21,,791,5,157.90723650945904,6.332831997475287,6.2203739997930825,0.8015567597738356,19.584625999908894,6.087394000031054,5009.270110002952,5013.337245002622
tpch,duckdb,[sync],1785229950974,"[0.01, 22.0]",,duckdb_sync_tpch_001_q22,,1842,5,368.79798332778745,2.711511573291876,2.6677620001137257,0.4313496457046061,11.1466510000173,2.584571000188589,4994.604318003636,5003.683486997616
tpch,arquero,[],1785230519514,"[0.1, 1.0]",Arquero does not implement join reordering and query unnesting. The plans were generated by a relational database and were manually migrated to the Arquero API.,arquero_tpch_01_q1,"Benchmark `arquero_tpch_01_q1` failed to run `before` callback: Unrecognized type: ""undefined""",0,0,0.0,0.0,0.0,0.0,0.0,0.0,0.0,0.0
tpch,arquero,[],1785230519514,"[0.1, 2.0]",Arquero does not implement join reordering and query unnesting. The plans were generated by a relational database and were manually migrated to the Arquero API.,arquero_tpch_01_q2,"Benchmark `arquero_tpch_01_q2` failed to run `before` callback: Unrecognized type: ""undefined""",0,0,0.0,0.0,0.0,0.0,0.0,0.0,0.0,0.0
tpch,arquero,[],1785230519514,"[0.1, 3.0]",Arquero does not implement join reordering and query unnesting. The plans were generated by a relational database and were manually migrated to the Arquero API.,arquero_tpch_01_q3,"Benchmark `arquero_tpch_01_q3` failed to run `before` callback: Unrecognized type: ""undefined""",0,0,0.0,0.0,0.0,0.0,0.0,0.0,0.0,0.0
tpch,arquero,[],1785230519514,"[0.1, 4.0]",Arquero does not implement join reordering and query unnesting. The plans were generated by a relational database and were manually migrated to the Arquero API.,arquero_tpch_01_q4,"Benchmark `arquero_tpch_01_q4` failed to run `before` callback: Unrecognized type: ""undefined""",0,0,0.0,0.0,0.0,0.0,0.0,0.0,0.0,0.0
tpch,arquero,[],1785230519514,"[0.1, 5.0]",Arquero does not implement join reordering and query unnesting. The plans were generated by a relational database and were manually migrated to the Arquero API.,arquero_tpch_01_q5,"Benchmark `arquero_tpch_01_q5` failed to run `before` callback: Unrecognized type: ""undefined""",0,0,0.0,0.0,0.0,0.0,0.0,0.0,0.0,0.0
tpch,arquero,[],1785230519514,"[0.1, 6.0]",Arquero does not implement join reordering and query unnesting. The plans were generated by a relational database and were manually migrated to the Arquero API.,arquero_tpch_01_q6,"Benchmark `arquero_tpch_01_q6` failed to run `before` callback: Unrecognized type: ""undefined""",0,0,0.0,0.0,0.0,0.0,0.0,0.0,0.0,0.0
tpch,arquero,[],1785230519514,"[0.1, 7.0]",Arquero does not implement join reordering and query unnesting. The plans were generated by a relational database and were manually migrated to the Arquero API.,arquero_tpch_01_q7,"Benchmark `arquero_tpch_01_q7` failed to run `before` callback: Unrecognized type: ""undefined""",0,0,0.0,0.0,0.0,0.0,0.0,0.0,0.0,0.0
tpch,arquero,[],1785230519514,"[0.1, 8.0]",Arquero does not implement join reordering and query unnesting. The plans were generated by a relational database and were manually migrated to the Arquero API.,arquero_tpch_01_q8,"Benchmark `arquero_tpch_01_q8` failed to run `before` callback: Unrecognized type: ""undefined""",0,0,0.0,0.0,0.0,0.0,0.0,0.0,0.0,0.0
tpch,arquero,[],1785230519514,"[0.1, 10.0]",Arquero does not implement join reordering and query unnesting. The plans were generated by a relational database and were manually migrated to the Arquero API.,arquero_tpch_01_q10,"Benchmark `arquero_tpch_01_q10` failed to run `before` callback: Unrecognized type: ""undefined""",0,0,0.0,0.0,0.0,0.0,0.0,0.0,0.0,0.0
tpch,arquero,[],1785230519514,"[0.1, 11.0]",Arquero does not implement join reordering and query unnesting. The plans were generated by a relational database and were manually migrated to the Arquero API.,arquero_tpch_01_q11,"Benchmark `arquero_tpch_01_q11` failed to run `before` callback: Unrecognized type: ""undefined""",0,0,0.0,0.0,0.0,0.0,0.0,0.0,0.0,0.0
tpch,arquero,[],1785230519514,"[0.1, 12.0]",Arquero does not implement join reordering and query unnesting. The plans were generated by a relational database and were manually migrated to the Arquero API.,arquero_tpch_01_q12,"Benchmark `arquero_tpch_01_q12` failed to run `before` callback: Unrecognized type: ""undefined""",0,0,0.0,0.0,0.0,0.0,0.0,0.0,0.0,0.0
tpch,arquero,[],1785230519514,"[0.1, 13.0]",Arquero does not implement join reordering and query unnesting. The plans were generated by a relational database and were manually migrated to the Arquero API.,arquero_tpch_01_q13,"Benchmark `arquero_tpch_01_q13` failed to run `before` callback: Unrecognized type: ""undefined""",0,0,0.0,0.0,0.0,0.0,0.0,0.0,0.0,0.0
tpch,arquero,[],1785230519514,"[0.1, 14.0]",Arquero does not implement join reordering and query unnesting. The plans were generated by a relational database and were manually migrated to the Arquero API.,arquero_tpch_01_q14,"Benchmark `arquero_tpch_01_q14` failed to run `before` callback: Unrecognized type: ""undefined""",0,0,0.0,0.0,0.0,0.0,0.0,0.0,0.0,0.0
tpch,arquero,[],1785230519514,"[0.1, 15.0]",Arquero does not implement join reordering and query unnesting. The plans were generated by a relational database and were manually migrated to the Arquero API.,arquero_tpch_01_q15,"Benchmark `arquero_tpch_01_q15` failed to run `before` callback: Unrecognized type: ""undefined""",0,0,0.0,0.0,0.0,0.0,0.0,0.0,0.0,0.0
tpch,arquero,[],1785230519514,"[0.1, 16.0]",Arquero does not implement join reordering and query unnesting. The plans were generated by a relational database and were manually migrated to the Arquero API.,arquero_tpch_01_q16,"Benchmark `arquero_tpch_01_q16` failed to run `before` callback: Unrecognized type: ""undefined""",0,0,0.0,0.0,0.0,0.0,0.0,0.0,0.0,0.0
tpch,arquero,[],1785230519514,"[0.1, 17.0]",Arquero does not implement join reordering and query unnesting. The plans were generated by a relational database and were manually migrated to the Arquero API.,arquero_tpch_01_q17,"Benchmark `arquero_tpch_01_q17` failed to run `before` callback: Unrecognized type: ""undefined""",0,0,0.0,0.0,0.0,0.0,0.0,0.0,0.0,0.0
tpch,arquero,[],1785230519514,"[0.1, 18.0]",Arquero does not implement join reordering and query unnesting. The plans were generated by a relational database and were manually migrated to the Arquero API.,arquero_tpch_01_q18,"Benchmark `arquero_tpch_01_q18` failed to run `before` callback: Unrecognized type: ""undefined""",0,0,0.0,0.0,0.0,0.0,0.0,0.0,0.0,0.0
tpch,arquero,[],1785230519514,"[0.1, 19.0]",Arquero does not implement join reordering and query unnesting. The plans were generated by a relational database and were manually migrated to the Arquero API.,arquero_tpch_01_q19,"Benchmark `arquero_tpch_01_q19` failed to run `before` callback: Unrecognized type: ""undefined""",0,0,0.0,0.0,0.0,0.0,0.0,0.0,0.0,0.0
tpch,arquero,[],1785230519514,"[0.1, 20.0]",Arquero does not implement join reordering and query unnesting. The plans were generated by a relational database and were manually migrated to the Arquero API.,arquero_tpch_01_q20,"Benchmark `arquero_tpch_01_q20` failed to run `before` callback: Unrecognized type: ""undefined""",0,0,0.0,0.0,0.0,0.0,0.0,0.0,0.0,0.0
tpch,arquero,[],1785230519514,"[0.1, 22.0]",Arquero does not implement join reordering and query unnesting. The plans were generated by a relational database and were manually migrated to the Arquero API.,arquero_tpch_01_q22,"Benchmark `arquero_tpch_01_q22` failed to run `before` callback: Unrecognized type: ""undefined""",0,0,0.0,0.0,0.0,0.0,0.0,0.0,0.0,0.0
